"time","carID","depart","edgeID","departLane","laneID","arrivalLane","departPos","pos","arrivalPos","departSpeed","speed","arrivalSpeed","departDelay","waitingTime","duration","arrival","routeLength","rerouteNo","speedFactor","vaporized"
"0.00","car0","0.00","-E6","-E6_0","-E6_0","E2_0","0.00","0.00","100.00","0.00","0.00","14.61","0.00","0.00","51.00","51.00","500.00","0","1.06",""
"0.00","car6","0.00","-E7","-E7_0","-E7_0","-E0_0","0.00","0.00","500.00","0.00","0.00","14.14","0.00","0.00","109.00","109.00","1300.00","0","1.05",""
"0.00","car3","0.00","E0","E0_0","E0_0","","0.00","0.00","-1.00","0.00","0.00","-1.00","0.00","3.00","120.00","-1.00","685.78","0","1.08","end"
"0.00","car1","0.00","E7","E7_0","E7_0","E7_0","160.46","160.46","300.00","2.60","2.60","12.97","0.00","0.00","18.00","18.00","139.54","0","0.94",""
"0.00","car7","0.00","E7","E7_1","E7_1","E7_1","130.24","130.24","300.00","2.15","2.15","12.27","0.00","0.00","21.00","21.00","169.76","0","0.89",""
"0.00","car2","0.00","E7","E7_1","E7_1","E7_1","161.16","161.16","300.00","2.72","2.72","13.43","0.00","0.00","17.00","17.00","138.84","0","1.01",""
"1.00","car0","0.00","-E6","-E6_0","-E6_0","E2_0","0.00","0.71","100.00","0.00","0.71","14.61","0.00","0.00","51.00","51.00","500.00","0","1.06",""
"1.00","car6","0.00","-E7","-E7_0","-E7_0","-E0_0","0.00","0.77","500.00","0.00","0.77","14.14","0.00","0.00","109.00","109.00","1300.00","0","1.05",""
"1.00","car3","0.00","E0","E0_0","E0_0","","0.00","0.78","-1.00","0.00","0.78","-1.00","0.00","3.00","120.00","-1.00","685.78","0","1.08","end"
"1.00","car9","1.00","E7","E7_0","E7_0","E7_0","100.70","100.70","300.00","2.17","2.17","11.56","1.00","0.00","23.00","24.00","199.30","0","0.86",""
"1.00","car8","1.00","E7","E7_0","E7_0","E7_0","128.08","128.08","300.00","2.52","2.52","12.94","1.00","0.00","21.00","22.00","171.92","0","0.94",""
"1.00","car1","0.00","E7","E7_0","E7_0","E7_0","160.46","163.61","300.00","2.60","3.15","12.97","0.00","0.00","18.00","18.00","139.54","0","0.94",""
"1.00","car7","0.00","E7","E7_1","E7_1","E7_1","130.24","132.97","300.00","2.15","2.73","12.27","0.00","0.00","21.00","21.00","169.76","0","0.89",""
"1.00","car2","0.00","E7","E7_1","E7_1","E7_1","161.16","164.29","300.00","2.72","3.13","13.43","0.00","0.00","17.00","17.00","138.84","0","1.01",""
"2.00","car0","0.00","-E6","-E6_0","-E6_0","E2_0","0.00","2.19","100.00","0.00","1.47","14.61","0.00","0.00","51.00","51.00","500.00","0","1.06",""
"2.00","car6","0.00","-E7","-E7_0","-E7_0","-E0_0","0.00","2.19","500.00","0.00","1.42","14.14","0.00","0.00","109.00","109.00","1300.00","0","1.05",""
"2.00","car3","0.00","E0","E0_0","E0_0","","0.00","2.05","-1.00","0.00","1.28","-1.00","0.00","3.00","120.00","-1.00","685.78","0","1.08","end"
"2.00","car9","1.00","E7","E7_0","E7_0","E7_0","100.70","103.58","300.00","2.17","2.88","11.56","1.00","0.00","23.00","24.00","199.30","0","0.86",""
"2.00","car8","1.00","E7","E7_0","E7_0","E7_0","128.08","131.04","300.00","2.52","2.96","12.94","1.00","0.00","21.00","22.00","171.92","0","0.94",""
"2.00","car1","0.00","E7","E7_0","E7_0","E7_0","160.46","167.41","300.00","2.60","3.80","12.97","0.00","0.00","18.00","18.00","139.54","0","0.94",""
"2.00","car7","0.00","E7","E7_1","E7_1","E7_1","130.24","136.21","300.00","2.15","3.25","12.27","0.00","0.00","21.00","21.00","169.76","0","0.89",""
"2.00","car2","0.00","E7","E7_1","E7_1","E7_1","161.16","168.03","300.00","2.72","3.75","13.43","0.00","0.00","17.00","17.00","138.84","0","1.01",""
"3.00","car0","0.00","-E6","-E6_0","-E6_0","E2_0","0.00","4.19","100.00","0.00","2.00","14.61","0.00","0.00","51.00","51.00","500.00","0","1.06",""
"3.00","car6","0.00","-E7","-E7_0","-E7_0","-E0_0","0.00","4.03","500.00","0.00","1.83","14.14","0.00","0.00","109.00","109.00","1300.00","0","1.05",""
"3.00","car3","0.00","E0","E0_0","E0_0","","0.00","3.81","-1.00","0.00","1.75","-1.00","0.00","3.00","120.00","-1.00","685.78","0","1.08","end"
"3.00","car9","1.00","E7","E7_0","E7_0","E7_0","100.70","107.22","300.00","2.17","3.64","11.56","1.00","0.00","23.00","24.00","199.30","0","0.86",""
"3.00","car8","1.00","E7","E7_0","E7_0","E7_0","128.08","134.62","300.00","2.52","3.58","12.94","1.00","0.00","21.00","22.00","171.92","0","0.94",""
"3.00","car1","0.00","E7","E7_0","E7_0","E7_0","160.46","171.65","300.00","2.60","4.24","12.97","0.00","0.00","18.00","18.00","139.54","0","0.94",""
"3.00","car7","0.00","E7","E7_1","E7_1","E7_1","130.24","140.13","300.00","2.15","3.91","12.27","0.00","0.00","21.00","21.00","169.76","0","0.89",""
"3.00","car2","0.00","E7","E7_1","E7_1","E7_1","161.16","172.49","300.00","2.72","4.45","13.43","0.00","0.00","17.00","17.00","138.84","0","1.01",""
"4.00","car0","0.00","-E6","-E6_0","-E6_0","E2_0","0.00","6.74","100.00","0.00","2.55","14.61","0.00","0.00","51.00","51.00","500.00","0","1.06",""
"4.00","car6","0.00","-E7","-E7_0","-E7_0","-E0_0","0.00","6.36","500.00","0.00","2.34","14.14","0.00","0.00","109.00","109.00","1300.00","0","1.05",""
"4.00","car3","0.00","E0","E0_0","E0_0","","0.00","6.34","-1.00","0.00","2.53","-1.00","0.00","3.00","120.00","-1.00","685.78","0","1.08","end"
"4.00","car9","1.00","E7","E7_0","E7_0","E7_0","100.70","111.66","300.00","2.17","4.44","11.56","1.00","0.00","23.00","24.00","199.30","0","0.86",""
"4.00","car8","1.00","E7","E7_0","E7_0","E7_0","128.08","138.67","300.00","2.52","4.05","12.94","1.00","0.00","21.00","22.00","171.92","0","0.94",""
"4.00","car1","0.00","E7","E7_0","E7_0","E7_0","160.46","176.54","300.00","2.60","4.88","12.97","0.00","0.00","18.00","18.00","139.54","0","0.94",""
"4.00","car7","0.00","E7","E7_1","E7_1","E7_1","130.24","144.57","300.00","2.15","4.44","12.27","0.00","0.00","21.00","21.00","169.76","0","0.89",""
"4.00","car2","0.00","E7","E7_1","E7_1","E7_1","161.16","177.70","300.00","2.72","5.22","13.43","0.00","0.00","17.00","17.00","138.84","0","1.01",""
"5.00","car5","5.00","-E6","-E6_0","-E6_0","E2_0","0.00","0.00","100.00","0.00","0.00","11.44","5.00","0.00","55.00","60.00","500.00","0","0.83",""
"5.00","car0","0.00","-E6","-E6_0","-E6_0","E2_0","0.00","9.82","100.00","0.00","3.07","14.61","0.00","0.00","51.00","51.00","500.00","0","1.06",""
"5.00","car6","0.00","-E7","-E7_0","-E7_0","-E0_0","0.00","9.12","500.00","0.00","2.76","14.14","0.00","0.00","109.00","109.00","1300.00","0","1.05",""
"5.00","car4","5.00","E0","E0_0","E0_0","","0.00","0.00","-1.00","0.00","0.00","-1.00","5.00","0.00","115.00","-1.00","667.12","0","1.03","end"
"5.00","car3","0.00","E0","E0_0","E0_0","","0.00","9.37","-1.00","0.00","3.03","-1.00","0.00","3.00","120.00","-1.00","685.78","0","1.08","end"
"5.00","car9","1.00","E7","E7_0","E7_0","E7_0","100.70","116.67","300.00","2.17","5.01","11.56","1.00","0.00","23.00","24.00","199.30","0","0.86",""
"5.00","car8","1.00","E7","E7_0","E7_0","E7_0","128.08","143.33","300.00","2.52","4.66","12.94","1.00","0.00","21.00","22.00","171.92","0","0.94",""
"5.00","car1","0.00","E7","E7_0","E7_0","E7_0","160.46","182.03","300.00","2.60","5.49","12.97","0.00","0.00","18.00","18.00","139.54","0","0.94",""
"5.00","car7","0.00","E7","E7_1","E7_1","E7_1","130.24","149.72","300.00","2.15","5.15","12.27","0.00","0.00","21.00","21.00","169.76","0","0.89",""
"5.00","car2","0.00","E7","E7_1","E7_1","E7_1","161.16","183.59","300.00","2.72","5.89","13.43","0.00","0.00","17.00","17.00","138.84","0","1.01",""
"6.00","car5","5.00","-E6","-E6_0","-E6_0","E2_0","0.00","0.46","100.00","0.00","0.46","11.44","5.00","0.00","55.00","60.00","500.00","0","0.83",""
"6.00","car0","0.00","-E6","-E6_0","-E6_0","E2_0","0.00","13.59","100.00","0.00","3.77","14.61","0.00","0.00","51.00","51.00","500.00","0","1.06",""
"6.00","car6","0.00","-E7","-E7_0","-E7_0","-E0_0","0.00","12.52","500.00","0.00","3.40","14.14","0.00","0.00","109.00","109.00","1300.00","0","1.05",""
"6.00","car4","5.00","E0","E0_0","E0_0","","0.00","0.57","-1.00","0.00","0.57","-1.00","5.00","0.00","115.00","-1.00","667.12","0","1.03","end"
"6.00","car3","0.00","E0","E0_0","E0_0","","0.00","12.97","-1.00","0.00","3.61","-1.00","0.00","3.00","120.00","-1.00","685.78","0","1.08","end"
"6.00","car9","1.00","E7","E7_0","E7_0","E7_0","100.70","122.13","300.00","2.17","5.46","11.56","1.00","0.00","23.00","24.00","199.30","0","0.86",""
"6.00","car8","1.00","E7","E7_0","E7_0","E7_0","128.08","148.66","300.00","2.52","5.33","12.94","1.00","0.00","21.00","22.00","171.92","0","0.94",""
"6.00","car1","0.00","E7","E7_0","E7_0","E7_0","160.46","188.29","300.00","2.60","6.26","12.97","0.00","0.00","18.00","18.00","139.54","0","0.94",""
"6.00","car7","0.00","E7","E7_1","E7_1","E7_1","130.24","155.66","300.00","2.15","5.94","12.27","0.00","0.00","21.00","21.00","169.76","0","0.89",""
"6.00","car2","0.00","E7","E7_1","E7_1","E7_1","161.16","190.25","300.00","2.72","6.66","13.43","0.00","0.00","17.00","17.00","138.84","0","1.01",""
"7.00","car5","5.00","-E6","-E6_0","-E6_0","E2_0","0.00","1.37","100.00","0.00","0.91","11.44","5.00","0.00","55.00","60.00","500.00","0","0.83",""
"7.00","car0","0.00","-E6","-E6_0","-E6_0","E2_0","0.00","18.04","100.00","0.00","4.45","14.61","0.00","0.00","51.00","51.00","500.00","0","1.06",""
"7.00","car6","0.00","-E7","-E7_0","-E7_0","-E0_0","0.00","16.58","500.00","0.00","4.06","14.14","0.00","0.00","109.00","109.00","1300.00","0","1.05",""
"7.00","car4","5.00","E0","E0_0","E0_0","","0.00","1.88","-1.00","0.00","1.30","-1.00","5.00","0.00","115.00","-1.00","667.12","0","1.03","end"
"7.00","car3","0.00","E0","E0_0","E0_0","","0.00","17.36","-1.00","0.00","4.39","-1.00","0.00","3.00","120.00","-1.00","685.78","0","1.08","end"
"7.00","car9","1.00","E7","E7_0","E7_0","E7_0","100.70","128.12","300.00","2.17","5.99","11.56","1.00","0.00","23.00","24.00","199.30","0","0.86",""
"7.00","car8","1.00","E7","E7_0","E7_0","E7_0","128.08","154.51","300.00","2.52","5.86","12.94","1.00","0.00","21.00","22.00","171.92","0","0.94",""
"7.00","car1","0.00","E7","E7_0","E7_0","E7_0","160.46","195.18","300.00","2.60","6.88","12.97","0.00","0.00","18.00","18.00","139.54","0","0.94",""
"7.00","car7","0.00","E7","E7_1","E7_1","E7_1","130.24","162.15","300.00","2.15","6.49","12.27","0.00","0.00","21.00","21.00","169.76","0","0.89",""
"7.00","car2","0.00","E7","E7_1","E7_1","E7_1","161.16","197.44","300.00","2.72","7.19","13.43","0.00","0.00","17.00","17.00","138.84","0","1.01",""
"8.00","car5","5.00","-E6","-E6_0","-E6_0","E2_0","0.00","3.06","100.00","0.00","1.69","11.44","5.00","0.00","55.00","60.00","500.00","0","0.83",""
"8.00","car0","0.00","-E6","-E6_0","-E6_0","E2_0","0.00","23.17","100.00","0.00","5.13","14.61","0.00","0.00","51.00","51.00","500.00","0","1.06",""
"8.00","car6","0.00","-E7","-E7_0","-E7_0","-E0_0","0.00","21.06","500.00","0.00","4.47","14.14","0.00","0.00","109.00","109.00","1300.00","0","1.05",""
"8.00","car4","5.00","E0","E0_0","E0_0","","0.00","3.85","-1.00","0.00","1.97","-1.00","5.00","0.00","115.00","-1.00","667.12","0","1.03","end"
"8.00","car3","0.00","E0","E0_0","E0_0","","0.00","22.29","-1.00","0.00","4.93","-1.00","0.00","3.00","120.00","-1.00","685.78","0","1.08","end"
"8.00","car9","1.00","E7","E7_0","E7_0","E7_0","100.70","134.85","300.00","2.17","6.73","11.56","1.00","0.00","23.00","24.00","199.30","0","0.86",""
"8.00","car8","1.00","E7","E7_0","E7_0","E7_0","128.08","161.12","300.00","2.52","6.60","12.94","1.00","0.00","21.00","22.00","171.92","0","0.94",""
"8.00","car1","0.00","E7","E7_0","E7_0","E7_0","160.46","202.75","300.00","2.60","7.58","12.97","0.00","0.00","18.00","18.00","139.54","0","0.94",""
"8.00","car7","0.00","E7","E7_1","E7_1","E7_1","130.24","169.17","300.00","2.15","7.02","12.27","0.00","0.00","21.00","21.00","169.76","0","0.89",""
"8.00","car2","0.00","E7","E7_1","E7_1","E7_1","161.16","205.07","300.00","2.72","7.64","13.43","0.00","0.00","17.00","17.00","138.84","0","1.01",""
"9.00","car5","5.00","-E6","-E6_0","-E6_0","E2_0","0.00","5.22","100.00","0.00","2.17","11.44","5.00","0.00","55.00","60.00","500.00","0","0.83",""
"9.00","car0","0.00","-E6","-E6_0","-E6_0","E2_0","0.00","28.85","100.00","0.00","5.68","14.61","0.00","0.00","51.00","51.00","500.00","0","1.06",""
"9.00","car6","0.00","-E7","-E7_0","-E7_0","-E0_0","0.00","26.07","500.00","0.00","5.01","14.14","0.00","0.00","109.00","109.00","1300.00","0","1.05",""
"9.00","car4","5.00","E0","E0_0","E0_0","","0.00","6.39","-1.00","0.00","2.54","-1.00","5.00","0.00","115.00","-1.00","667.12","0","1.03","end"
"9.00","car3","0.00","E0","E0_0","E0_0","","0.00","27.75","-1.00","0.00","5.46","-1.00","0.00","3.00","120.00","-1.00","685.78","0","1.08","end"
"9.00","car9","1.00","E7","E7_0","E7_0","E7_0","100.70","142.14","300.00","2.17","7.29","11.56","1.00","0.00","23.00","24.00","199.30","0","0.86",""
"9.00","car8","1.00","E7","E7_0","E7_0","E7_0","128.08","168.24","300.00","2.52","7.13","12.94","1.00","0.00","21.00","22.00","171.92","0","0.94",""
"9.00","car1","0.00","E7","E7_0","E7_0","E7_0","160.46","210.98","300.00","2.60","8.23","12.97","0.00","0.00","18.00","18.00","139.54","0","0.94",""
"9.00","car7","0.00","E7","E7_1","E7_1","E7_1","130.24","176.67","300.00","2.15","7.50","12.27","0.00","0.00","21.00","21.00","169.76","0","0.89",""
"9.00","car2","0.00","E7","E7_1","E7_1","E7_1","161.16","213.23","300.00","2.72","8.15","13.43","0.00","0.00","17.00","17.00","138.84","0","1.01",""
"10.00","car5","5.00","-E6","-E6_0","-E6_0","E2_0","0.00","8.17","100.00","0.00","2.94","11.44","5.00","0.00","55.00","60.00","500.00","0","0.83",""
"10.00","car0","0.00","-E6","-E6_0","-E6_0","E2_0","0.00","34.98","100.00","0.00","6.13","14.61","0.00","0.00","51.00","51.00","500.00","0","1.06",""
"10.00","car6","0.00","-E7","-E7_0","-E7_0","-E0_0","0.00","31.73","500.00","0.00","5.67","14.14","0.00","0.00","109.00","109.00","1300.00","0","1.05",""
"10.00","car4","5.00","E0","E0_0","E0_0","","0.00","9.56","-1.00","0.00","3.17","-1.00","5.00","0.00","115.00","-1.00","667.12","0","1.03","end"
"10.00","car3","0.00","E0","E0_0","E0_0","","0.00","33.70","-1.00","0.00","5.95","-1.00","0.00","3.00","120.00","-1.00","685.78","0","1.08","end"
"10.00","car9","1.00","E7","E7_0","E7_0","E7_0","100.70","150.01","300.00","2.17","7.86","11.56","1.00","0.00","23.00","24.00","199.30","0","0.86",""
"10.00","car8","1.00","E7","E7_0","E7_0","E7_0","128.08","175.84","300.00","2.52","7.60","12.94","1.00","0.00","21.00","22.00","171.92","0","0.94",""
"10.00","car1","0.00","E7","E7_0","E7_0","E7_0","160.46","219.91","300.00","2.60","8.93","12.97","0.00","0.00","18.00","18.00","139.54","0","0.94",""
"10.00","car7","0.00","E7","E7_1","E7_1","E7_1","130.24","184.68","300.00","2.15","8.01","12.27","0.00","0.00","21.00","21.00","169.76","0","0.89",""
"10.00","car2","0.00","E7","E7_1","E7_1","E7_1","161.16","222.07","300.00","2.72","8.84","13.43","0.00","0.00","17.00","17.00","138.84","0","1.01",""
"11.00","car5","5.00","-E6","-E6_0","-E6_0","E2_0","0.00","11.90","100.00","0.00","3.73","11.44","5.00","0.00","55.00","60.00","500.00","0","0.83",""
"11.00","car0","0.00","-E6","-E6_0","-E6_0","E2_0","0.00","41.65","100.00","0.00","6.67","14.61","0.00","0.00","51.00","51.00","500.00","0","1.06",""
"11.00","car6","0.00","-E7","-E7_0","-E7_0","-E0_0","0.00","37.81","500.00","0.00","6.07","14.14","0.00","0.00","109.00","109.00","1300.00","0","1.05",""
"11.00","car4","5.00","E0","E0_0","E0_0","","0.00","13.19","-1.00","0.00","3.63","-1.00","5.00","0.00","115.00","-1.00","667.12","0","1.03","end"
"11.00","car3","0.00","E0","E0_0","E0_0","","0.00","40.19","-1.00","0.00","6.49","-1.00","0.00","3.00","120.00","-1.00","685.78","0","1.08","end"
"11.00","car9","1.00","E7","E7_0","E7_0","E7_0","100.70","158.65","300.00","2.17","8.65","11.56","1.00","0.00","23.00","24.00","199.30","0","0.86",""
"11.00","car8","1.00","E7","E7_0","E7_0","E7_0","128.08","183.99","300.00","2.52","8.15","12.94","1.00","0.00","21.00","22.00","171.92","0","0.94",""
"11.00","car1","0.00","E7","E7_0","E7_0","E7_0","160.46","229.51","300.00","2.60","9.59","12.97","0.00","0.00","18.00","18.00","139.54","0","0.94",""
"11.00","car7","0.00","E7","E7_1","E7_1","E7_1","130.24","193.45","300.00","2.15","8.77","12.27","0.00","0.00","21.00","21.00","169.76","0","0.89",""
"11.00","car2","0.00","E7","E7_1","E7_1","E7_1","161.16","231.55","300.00","2.72","9.48","13.43","0.00","0.00","17.00","17.00","138.84","0","1.01",""
"12.00","car5","5.00","-E6","-E6_0","-E6_0","E2_0","0.00","16.10","100.00","0.00","4.20","11.44","5.00","0.00","55.00","60.00","500.00","0","0.83",""
"12.00","car0","0.00","-E6","-E6_0","-E6_0","E2_0","0.00","48.86","100.00","0.00","7.21","14.61","0.00","0.00","51.00","51.00","500.00","0","1.06",""
"12.00","car6","0.00","-E7","-E7_0","-E7_0","-E0_0","0.00","44.36","500.00","0.00","6.55","14.14","0.00","0.00","109.00","109.00","1300.00","0","1.05",""
"12.00","car4","5.00","E0","E0_0","E0_0","","0.00","17.62","-1.00","0.00","4.43","-1.00","5.00","0.00","115.00","-1.00","667.12","0","1.03","end"
"12.00","car3","0.00","E0","E0_0","E0_0","","0.00","47.39","-1.00","0.00","7.20","-1.00","0.00","3.00","120.00","-1.00","685.78","0","1.08","end"
"12.00","car9","1.00","E7","E7_0","E7_0","E7_0","100.70","167.83","300.00","2.17","9.18","11.56","1.00","0.00","23.00","24.00","199.30","0","0.86",""
"12.00","car8","1.00","E7","E7_0","E7_0","E7_0","128.08","192.63","300.00","2.52","8.64","12.94","1.00","0.00","21.00","22.00","171.92","0","0.94",""
"12.00","car1","0.00","E7","E7_0","E7_0","E7_0","160.46","239.52","300.00","2.60","10.01","12.97","0.00","0.00","18.00","18.00","139.54","0","0.94",""
"12.00","car7","0.00","E7","E7_1","E7_1","E7_1","130.24","202.67","300.00","2.15","9.22","12.27","0.00","0.00","21.00","21.00","169.76","0","0.89",""
"12.00","car2","0.00","E7","E7_1","E7_1","E7_1","161.16","241.61","300.00","2.72","10.06","13.43","0.00","0.00","17.00","17.00","138.84","0","1.01",""
"13.00","car5","5.00","-E6","-E6_0","-E6_0","E2_0","0.00","20.71","100.00","0.00","4.61","11.44","5.00","0.00","55.00","60.00","500.00","0","0.83",""
"13.00","car0","0.00","-E6","-E6_0","-E6_0","E2_0","0.00","56.67","100.00","0.00","7.81","14.61","0.00","0.00","51.00","51.00","500.00","0","1.06",""
"13.00","car6","0.00","-E7","-E7_0","-E7_0","-E0_0","0.00","51.35","500.00","0.00","6.99","14.14","0.00","0.00","109.00","109.00","1300.00","0","1.05",""
"13.00","car4","5.00","E0","E0_0","E0_0","","0.00","22.58","-1.00","0.00","4.95","-1.00","5.00","0.00","115.00","-1.00","667.12","0","1.03","end"
"13.00","car3","0.00","E0","E0_0","E0_0","","0.00","55.16","-1.00","0.00","7.77","-1.00","0.00","3.00","120.00","-1.00","685.78","0","1.08","end"
"13.00","car9","1.00","E7","E7_0","E7_0","E7_0","100.70","177.61","300.00","2.17","9.77","11.56","1.00","0.00","23.00","24.00","199.30","0","0.86",""
"13.00","car8","1.00","E7","E7_0","E7_0","E7_0","128.08","201.82","300.00","2.52","9.19","12.94","1.00","0.00","21.00","22.00","171.92","0","0.94",""
"13.00","car1","0.00","E7","E7_0","E7_0","E7_0","160.46","250.05","300.00","2.60","10.54","12.97","0.00","0.00","18.00","18.00","139.54","0","0.94",""
"13.00","car7","0.00","E7","E7_1","E7_1","E7_1","130.24","212.30","300.00","2.15","9.63","12.27","0.00","0.00","21.00","21.00","169.76","0","0.89",""
"13.00","car2","0.00","E7","E7_1","E7_1","E7_1","161.16","252.42","300.00","2.72","10.81","13.43","0.00","0.00","17.00","17.00","138.84","0","1.01",""
"14.00","car5","5.00","-E6","-E6_0","-E6_0","E2_0","0.00","25.87","100.00","0.00","5.16","11.44","5.00","0.00","55.00","60.00","500.00","0","0.83",""
"14.00","car0","0.00","-E6","-E6_0","-E6_0","E2_0","0.00","65.28","100.00","0.00","8.61","14.61","0.00","0.00","51.00","51.00","500.00","0","1.06",""
"14.00","car6","0.00","-E7","-E7_0","-E7_0","-E0_0","0.00","58.89","500.00","0.00","7.54","14.14","0.00","0.00","109.00","109.00","1300.00","0","1.05",""
"14.00","car4","5.00","E0","E0_0","E0_0","","0.00","28.26","-1.00","0.00","5.68","-1.00","5.00","0.00","115.00","-1.00","667.12","0","1.03","end"
"14.00","car3","0.00","E0","E0_0","E0_0","","0.00","63.38","-1.00","0.00","8.22","-1.00","0.00","3.00","120.00","-1.00","685.78","0","1.08","end"
"14.00","car9","1.00","E7","E7_0","E7_0","E7_0","100.70","187.79","300.00","2.17","10.18","11.56","1.00","0.00","23.00","24.00","199.30","0","0.86",""
"14.00","car8","1.00","E7","E7_0","E7_0","E7_0","128.08","211.48","300.00","2.52","9.65","12.94","1.00","0.00","21.00","22.00","171.92","0","0.94",""
"14.00","car1","0.00","E7","E7_0","E7_0","E7_0","160.46","261.23","300.00","2.60","11.18","12.97","0.00","0.00","18.00","18.00","139.54","0","0.94",""
"14.00","car7","0.00","E7","E7_1","E7_1","E7_1","130.24","222.40","300.00","2.15","10.10","12.27","0.00","0.00","21.00","21.00","169.76","0","0.89",""
"14.00","car2","0.00","E7","E7_1","E7_1","E7_1","161.16","263.85","300.00","2.72","11.43","13.43","0.00","0.00","17.00","17.00","138.84","0","1.01",""
"15.00","car5","5.00","-E6","-E6_0","-E6_0","E2_0","0.00","31.56","100.00","0.00","5.69","11.44","5.00","0.00","55.00","60.00","500.00","0","0.83",""
"15.00","car0","0.00","-E6","-E6_0","-E6_0","E2_0","0.00","74.55","100.00","0.00","9.27","14.61","0.00","0.00","51.00","51.00","500.00","0","1.06",""
"15.00","car6","0.00","-E7","-E7_0","-E7_0","-E0_0","0.00","67.03","500.00","0.00","8.15","14.14","0.00","0.00","109.00","109.00","1300.00","0","1.05",""
"15.00","car4","5.00","E0","E0_0","E0_0","","0.00","34.58","-1.00","0.00","6.33","-1.00","5.00","0.00","115.00","-1.00","667.12","0","1.03","end"
"15.00","car3","0.00","E0","E0_0","E0_0","","0.00","72.13","-1.00","0.00","8.75","-1.00","0.00","3.00","120.00","-1.00","685.78","0","1.08","end"
"15.00","car9","1.00","E7","E7_0","E7_0","E7_0","100.70","198.71","300.00","2.17","10.92","11.56","1.00","0.00","23.00","24.00","199.30","0","0.86",""
"15.00","car8","1.00","E7","E7_0","E7_0","E7_0","128.08","221.69","300.00","2.52","10.22","12.94","1.00","0.00","21.00","22.00","171.92","0","0.94",""
"15.00","car1","0.00","E7","E7_0","E7_0","E7_0","160.46","273.04","300.00","2.60","11.81","12.97","0.00","0.00","18.00","18.00","139.54","0","0.94",""
"15.00","car7","0.00","E7","E7_1","E7_1","E7_1","130.24","233.20","300.00","2.15","10.80","12.27","0.00","0.00","21.00","21.00","169.76","0","0.89",""
"15.00","car2","0.00","E7","E7_1","E7_1","E7_1","161.16","275.90","300.00","2.72","12.05","13.43","0.00","0.00","17.00","17.00","138.84","0","1.01",""
"16.00","car5","5.00","-E6","-E6_0","-E6_0","E2_0","0.00","37.96","100.00","0.00","6.40","11.44","5.00","0.00","55.00","60.00","500.00","0","0.83",""
"16.00","car0","0.00","-E6","-E6_0","-E6_0","E2_0","0.00","84.32","100.00","0.00","9.77","14.61","0.00","0.00","51.00","51.00","500.00","0","1.06",""
"16.00","car6","0.00","-E7","-E7_0","-E7_0","-E0_0","0.00","75.97","500.00","0.00","8.94","14.14","0.00","0.00","109.00","109.00","1300.00","0","1.05",""
"16.00","car4","5.00","E0","E0_0","E0_0","","0.00","41.57","-1.00","0.00","6.99","-1.00","5.00","0.00","115.00","-1.00","667.12","0","1.03","end"
"16.00","car3","0.00","E0","E0_0","E0_0","","0.00","81.55","-1.00","0.00","9.42","-1.00","0.00","3.00","120.00","-1.00","685.78","0","1.08","end"
"16.00","car9","1.00","E7","E7_0","E7_0","E7_0","100.70","210.15","300.00","2.17","11.45","11.56","1.00","0.00","23.00","24.00","199.30","0","0.86",""
"16.00","car8","1.00","E7","E7_0","E7_0","E7_0","128.08","232.43","300.00","2.52","10.73","12.94","1.00","0.00","21.00","22.00","171.92","0","0.94",""
"16.00","car1","0.00","E7","E7_0","E7_0","E7_0","160.46","285.48","300.00","2.60","12.45","12.97","0.00","0.00","18.00","18.00","139.54","0","0.94",""
"16.00","car7","0.00","E7","E7_1","E7_1","E7_1","130.24","244.40","300.00","2.15","11.21","12.27","0.00","0.00","21.00","21.00","169.76","0","0.89",""
"16.00","car2","0.00","E7","E7_1","E7_1","E7_1","161.16","288.73","300.00","2.72","12.83","13.43","0.00","0.00","17.00","17.00","138.84","0","1.01",""
"17.00","car5","5.00","-E6","-E6_0","-E6_0","E2_0","0.00","44.81","100.00","0.00","6.86","11.44","5.00","0.00","55.00","60.00","500.00","0","0.83",""
"17.00","car0","0.00","-E6","-E6_0","-E6_0","E2_0","0.00","93.67","100.00","0.00","9.35","14.61","0.00","0.00","51.00","51.00","500.00","0","1.06",""
"17.00","car6","0.00","-E7","-E7_0","-E7_0","-E0_0","0.00","85.46","500.00","0.00","9.48","14.14","0.00","0.00","109.00","109.00","1300.00","0","1.05",""
"17.00","car4","5.00","E0","E0_0","E0_0","","0.00","49.23","-1.00","0.00","7.66","-1.00","5.00","0.00","115.00","-1.00","667.12","0","1.03","end"
"17.00","car3","0.00","E0","E0_0","E0_1","","0.00","91.59","-1.00","0.00","10.04","-1.00","0.00","3.00","120.00","-1.00","685.78","0","1.08","end"
"17.00","car9","1.00","E7","E7_0","E7_0","E7_0","100.70","221.95","300.00","2.17","11.79","11.56","1.00","0.00","23.00","24.00","199.30","0","0.86",""
"17.00","car8","1.00","E7","E7_0","E7_0","E7_0","128.08","243.81","300.00","2.52","11.38","12.94","1.00","0.00","21.00","22.00","171.92","0","0.94",""
"17.00","car1","0.00","E7","E7_0","E7_0","E7_0","160.46","298.18","300.00","2.60","12.69","12.97","0.00","0.00","18.00","18.00","139.54","0","0.94",""
"17.00","car7","0.00","E7","E7_1","E7_1","E7_1","130.24","256.38","300.00","2.15","11.98","12.27","0.00","0.00","21.00","21.00","169.76","0","0.89",""
"18.00","car5","5.00","-E6","-E6_0","-E6_0","E2_0","0.00","52.21","100.00","0.00","7.40","11.44","5.00","0.00","55.00","60.00","500.00","0","0.83",""
"18.00","car0","0.00","-E6","-E6_0","-E6_0","E2_0","0.00","98.92","100.00","0.00","5.25","14.61","0.00","0.00","51.00","51.00","500.00","0","1.06",""
"18.00","car6","0.00","-E7","-E7_0","-E7_0","-E0_0","0.00","95.61","500.00","0.00","10.15","14.14","0.00","0.00","109.00","109.00","1300.00","0","1.05",""
"18.00","car4","5.00","E0","E0_0","E0_0","","0.00","57.43","-1.00","0.00","8.20","-1.00","5.00","0.00","115.00","-1.00","667.12","0","1.03","end"
"18.00","car3","0.00","E0","E0_0","E0_1","","0.00","102.31","-1.00","0.00","10.72","-1.00","0.00","3.00","120.00","-1.00","685.78","0","1.08","end"
"18.00","car9","1.00","E7","E7_0","E7_0","E7_0","100.70","233.64","300.00","2.17","11.69","11.56","1.00","0.00","23.00","24.00","199.30","0","0.86",""
"18.00","car8","1.00","E7","E7_0","E7_0","E7_0","128.08","255.76","300.00","2.52","11.95","12.94","1.00","0.00","21.00","22.00","171.92","0","0.94",""
"18.00","car7","0.00","E7","E7_1","E7_1","E7_1","130.24","268.32","300.00","2.15","11.94","12.27","0.00","0.00","21.00","21.00","169.76","0","0.89",""
"19.00","car0","0.00","-E12","-E6_0","-E12_0","E2_0","0.00","4.58","100.00","0.00","5.66","14.61","0.00","0.00","51.00","51.00","500.00","0","1.06",""
"19.00","car5","5.00","-E6","-E6_0","-E6_0","E2_0","0.00","60.38","100.00","0.00","8.17","11.44","5.00","0.00","55.00","60.00","500.00","0","0.83",""
"19.00","car6","0.00","-E7","-E7_0","-E7_0","-E0_0","0.00","106.31","500.00","0.00","10.70","14.14","0.00","0.00","109.00","109.00","1300.00","0","1.05",""
"19.00","car4","5.00","E0","E0_0","E0_0","","0.00","66.32","-1.00","0.00","8.89","-1.00","5.00","0.00","115.00","-1.00","667.12","0","1.03","end"
"19.00","car3","0.00","E0","E0_0","E0_1","","0.00","113.80","-1.00","0.00","11.50","-1.00","0.00","3.00","120.00","-1.00","685.78","0","1.08","end"
"19.00","car9","1.00","E7","E7_0","E7_0","E7_0","100.70","245.16","300.00","2.17","11.52","11.56","1.00","0.00","23.00","24.00","199.30","0","0.86",""
"19.00","car8","1.00","E7","E7_0","E7_0","E7_0","128.08","268.21","300.00","2.52","12.45","12.94","1.00","0.00","21.00","22.00","171.92","0","0.94",""
"19.00","car7","0.00","E7","E7_1","E7_1","E7_1","130.24","280.26","300.00","2.15","11.94","12.27","0.00","0.00","21.00","21.00","169.76","0","0.89",""
"20.00","car0","0.00","-E12","-E6_0","-E12_0","E2_0","0.00","10.96","100.00","0.00","6.38","14.61","0.00","0.00","51.00","51.00","500.00","0","1.06",""
"20.00","car5","5.00","-E6","-E6_0","-E6_0","E2_0","0.00","69.13","100.00","0.00","8.75","11.44","5.00","0.00","55.00","60.00","500.00","0","0.83",""
"20.00","car6","0.00","-E7","-E7_0","-E7_0","-E0_0","0.00","117.63","500.00","0.00","11.33","14.14","0.00","0.00","109.00","109.00","1300.00","0","1.05",""
"20.00","car4","5.00","E0","E0_0","E0_0","","0.00","75.69","-1.00","0.00","9.37","-1.00","5.00","0.00","115.00","-1.00","667.12","0","1.03","end"
"20.00","car3","0.00","E0","E0_0","E0_1","","0.00","126.02","-1.00","0.00","12.22","-1.00","0.00","3.00","120.00","-1.00","685.78","0","1.08","end"
"20.00","car9","1.00","E7","E7_0","E7_0","E7_0","100.70","256.72","300.00","2.17","11.56","11.56","1.00","0.00","23.00","24.00","199.30","0","0.86",""
"20.00","car8","1.00","E7","E7_0","E7_0","E7_0","128.08","281.22","300.00","2.52","13.01","12.94","1.00","0.00","21.00","22.00","171.92","0","0.94",""
"20.00","car7","0.00","E7","E7_1","E7_1","E7_1","130.24","292.20","300.00","2.15","11.94","12.27","0.00","0.00","21.00","21.00","169.76","0","0.89",""
"21.00","car0","0.00","-E12","-E6_0","-E12_0","E2_0","0.00","17.78","100.00","0.00","6.82","14.61","0.00","0.00","51.00","51.00","500.00","0","1.06",""
"21.00","car5","5.00","-E6","-E6_0","-E6_0","E2_0","0.00","78.47","100.00","0.00","9.34","11.44","5.00","0.00","55.00","60.00","500.00","0","0.83",""
"21.00","car6","0.00","-E7","-E7_0","-E7_0","-E0_0","0.00","129.44","500.00","0.00","11.81","14.14","0.00","0.00","109.00","109.00","1300.00","0","1.05",""
"21.00","car4","5.00","E0","E0_0","E0_1","","0.00","85.76","-1.00","0.00","10.07","-1.00","5.00","0.00","115.00","-1.00","667.12","0","1.03","end"
"21.00","car3","0.00","E0","E0_0","E0_1","","0.00","138.94","-1.00","0.00","12.92","-1.00","0.00","3.00","120.00","-1.00","685.78","0","1.08","end"
"21.00","car9","1.00","E7","E7_0","E7_0","E7_0","100.70","268.26","300.00","2.17","11.54","11.56","1.00","0.00","23.00","24.00","199.30","0","0.86",""
"21.00","car8","1.00","E7","E7_0","E7_0","E7_0","128.08","294.19","300.00","2.52","12.96","12.94","1.00","0.00","21.00","22.00","171.92","0","0.94",""
"22.00","car0","0.00","-E12","-E6_0","-E12_0","E2_0","0.00","25.36","100.00","0.00","7.58","14.61","0.00","0.00","51.00","51.00","500.00","0","1.06",""
"22.00","car5","5.00","-E6","-E6_0","-E6_0","E2_0","0.00","88.28","100.00","0.00","9.81","11.44","5.00","0.00","55.00","60.00","500.00","0","0.83",""
"22.00","car6","0.00","-E7","-E7_0","-E7_0","-E0_0","0.00","141.99","500.00","0.00","12.55","14.14","0.00","0.00","109.00","109.00","1300.00","0","1.05",""
"22.00","car4","5.00","E0","E0_0","E0_1","","0.00","96.39","-1.00","0.00","10.63","-1.00","5.00","0.00","115.00","-1.00","667.12","0","1.03","end"
"22.00","car3","0.00","E0","E0_0","E0_1","","0.00","152.57","-1.00","0.00","13.64","-1.00","0.00","3.00","120.00","-1.00","685.78","0","1.08","end"
"22.00","car9","1.00","E7","E7_0","E7_0","E7_0","100.70","279.78","300.00","2.17","11.52","11.56","1.00","0.00","23.00","24.00","199.30","0","0.86",""
"23.00","car0","0.00","-E12","-E6_0","-E12_0","E2_0","0.00","33.51","100.00","0.00","8.15","14.61","0.00","0.00","51.00","51.00","500.00","0","1.06",""
"23.00","car5","5.00","-E6","-E6_0","-E6_0","E2_0","0.00","96.15","100.00","0.00","7.87","11.44","5.00","0.00","55.00","60.00","500.00","0","0.83",""
"23.00","car6","0.00","-E7","-E7_0","-E7_0","-E0_0","0.00","155.08","500.00","0.00","13.08","14.14","0.00","0.00","109.00","109.00","1300.00","0","1.05",""
"23.00","car4","5.00","E0","E0_0","E0_1","","0.00","107.55","-1.00","0.00","11.16","-1.00","5.00","0.00","115.00","-1.00","667.12","0","1.03","end"
"23.00","car3","0.00","E0","E0_0","E0_1","","0.00","166.63","-1.00","0.00","14.05","-1.00","0.00","3.00","120.00","-1.00","685.78","0","1.08","end"
"23.00","car9","1.00","E7","E7_0","E7_0","E7_0","100.70","291.53","300.00","2.17","11.75","11.56","1.00","0.00","23.00","24.00","199.30","0","0.86",""
"24.00","car5","5.00","-E12","-E6_0","-E12_0","E2_0","0.00","4.57","100.00","0.00","8.43","11.44","5.00","0.00","55.00","60.00","500.00","0","0.83",""
"24.00","car0","0.00","-E12","-E6_0","-E12_0","E2_0","0.00","42.36","100.00","0.00","8.86","14.61","0.00","0.00","51.00","51.00","500.00","0","1.06",""
"24.00","car6","0.00","-E7","-E7_0","-E7_0","-E0_0","0.00","168.75","500.00","0.00","13.67","14.14","0.00","0.00","109.00","109.00","1300.00","0","1.05",""
"24.00","car4","5.00","E0","E0_0","E0_1","","0.00","119.38","-1.00","0.00","11.82","-1.00","5.00","0.00","115.00","-1.00","667.12","0","1.03","end"
"24.00","car3","0.00","E0","E0_0","E0_1","","0.00","181.11","-1.00","0.00","14.48","-1.00","0.00","3.00","120.00","-1.00","685.78","0","1.08","end"
"25.00","car5","5.00","-E12","-E6_0","-E12_0","E2_0","0.00","13.44","100.00","0.00","8.87","11.44","5.00","0.00","55.00","60.00","500.00","0","0.83",""
"25.00","car0","0.00","-E12","-E6_0","-E12_0","E2_0","0.00","51.87","100.00","0.00","9.50","14.61","0.00","0.00","51.00","51.00","500.00","0","1.06",""
"25.00","car6","0.00","-E7","-E7_0","-E7_0","-E0_0","0.00","183.15","500.00","0.00","14.39","14.14","0.00","0.00","109.00","109.00","1300.00","0","1.05",""
"25.00","car4","5.00","E0","E0_0","E0_1","","0.00","131.86","-1.00","0.00","12.48","-1.00","5.00","0.00","115.00","-1.00","667.12","0","1.03","end"
"25.00","car3","0.00","E0","E0_0","E0_2","","0.00","196.04","-1.00","0.00","14.93","-1.00","0.00","3.00","120.00","-1.00","685.78","0","1.08","end"
"26.00","car5","5.00","-E12","-E6_0","-E12_0","E2_0","0.00","22.77","100.00","0.00","9.32","11.44","5.00","0.00","55.00","60.00","500.00","0","0.83",""
"26.00","car0","0.00","-E12","-E6_0","-E12_0","E2_0","0.00","61.91","100.00","0.00","10.05","14.61","0.00","0.00","51.00","51.00","500.00","0","1.06",""
"26.00","car6","0.00","-E7","-E7_0","-E7_1","-E0_0","0.00","197.40","500.00","0.00","14.25","14.14","0.00","0.00","109.00","109.00","1300.00","0","1.05",""
"26.00","car4","5.00","E0","E0_0","E0_1","","0.00","144.97","-1.00","0.00","13.12","-1.00","5.00","0.00","115.00","-1.00","667.12","0","1.03","end"
"26.00","car3","0.00","E0","E0_0","E0_2","","0.00","210.82","-1.00","0.00","14.79","-1.00","0.00","3.00","120.00","-1.00","685.78","0","1.08","end"
"27.00","car5","5.00","-E12","-E6_0","-E12_0","E2_0","0.00","32.57","100.00","0.00","9.80","11.44","5.00","0.00","55.00","60.00","500.00","0","0.83",""
"27.00","car0","0.00","-E12","-E6_0","-E12_0","E2_0","0.00","72.42","100.00","0.00","10.50","14.61","0.00","0.00","51.00","51.00","500.00","0","1.06",""
"27.00","car6","0.00","-E7","-E7_0","-E7_1","-E0_0","0.00","211.87","500.00","0.00","14.47","14.14","0.00","0.00","109.00","109.00","1300.00","0","1.05",""
"27.00","car4","5.00","E0","E0_0","E0_1","","0.00","158.62","-1.00","0.00","13.65","-1.00","5.00","0.00","115.00","-1.00","667.12","0","1.03","end"
"27.00","car3","0.00","E0","E0_0","E0_2","","0.00","225.67","-1.00","0.00","14.85","-1.00","0.00","3.00","120.00","-1.00","685.78","0","1.08","end"
"28.00","car5","5.00","-E12","-E6_0","-E12_0","E2_0","0.00","43.04","100.00","0.00","10.47","11.44","5.00","0.00","55.00","60.00","500.00","0","0.83",""
"28.00","car0","0.00","-E12","-E6_0","-E12_0","E2_0","0.00","83.66","100.00","0.00","11.24","14.61","0.00","0.00","51.00","51.00","500.00","0","1.06",""
"28.00","car6","0.00","-E7","-E7_0","-E7_1","-E0_0","0.00","226.04","500.00","0.00","14.17","14.14","0.00","0.00","109.00","109.00","1300.00","0","1.05",""
"28.00","car4","5.00","E0","E0_0","E0_1","","0.00","172.68","-1.00","0.00","14.06","-1.00","5.00","0.00","115.00","-1.00","667.12","0","1.03","end"
"28.00","car3","0.00","E0","E0_0","E0_2","","0.00","240.44","-1.00","0.00","14.77","-1.00","0.00","3.00","120.00","-1.00","685.78","0","1.08","end"
"29.00","car5","5.00","-E12","-E6_0","-E12_0","E2_0","0.00","54.05","100.00","0.00","11.01","11.44","5.00","0.00","55.00","60.00","500.00","0","0.83",""
"29.00","car0","0.00","-E12","-E6_0","-E12_0","E2_0","0.00","95.53","100.00","0.00","11.87","14.61","0.00","0.00","51.00","51.00","500.00","0","1.06",""
"29.00","car6","0.00","-E7","-E7_0","-E7_1","-E0_0","0.00","240.51","500.00","0.00","14.47","14.14","0.00","0.00","109.00","109.00","1300.00","0","1.05",""
"29.00","car4","5.00","E0","E0_0","E0_1","","0.00","186.69","-1.00","0.00","14.01","-1.00","5.00","0.00","115.00","-1.00","667.12","0","1.03","end"
"29.00","car3","0.00","E0","E0_0","E0_2","","0.00","255.26","-1.00","0.00","14.82","-1.00","0.00","3.00","120.00","-1.00","685.78","0","1.08","end"
"30.00","car5","5.00","-E12","-E6_0","-E12_0","E2_0","0.00","65.29","100.00","0.00","11.24","11.44","5.00","0.00","55.00","60.00","500.00","0","0.83",""
"30.00","car0","0.00","-E12","-E6_0","-E12_0","E2_0","0.00","108.18","100.00","0.00","12.65","14.61","0.00","0.00","51.00","51.00","500.00","0","1.06",""
"30.00","car6","0.00","-E7","-E7_0","-E7_1","-E0_0","0.00","254.89","500.00","0.00","14.38","14.14","0.00","0.00","109.00","109.00","1300.00","0","1.05",""
"30.00","car4","5.00","E0","E0_0","E0_2","","0.00","200.99","-1.00","0.00","14.30","-1.00","5.00","0.00","115.00","-1.00","667.12","0","1.03","end"
"30.00","car3","0.00","E0","E0_0","E0_2","","0.00","270.17","-1.00","0.00","14.91","-1.00","0.00","3.00","120.00","-1.00","685.78","0","1.08","end"
"31.00","car5","5.00","-E12","-E6_0","-E12_0","E2_0","0.00","76.68","100.00","0.00","11.40","11.44","5.00","0.00","55.00","60.00","500.00","0","0.83",""
"31.00","car0","0.00","-E12","-E6_0","-E12_0","E2_0","0.00","121.38","100.00","0.00","13.20","14.61","0.00","0.00","51.00","51.00","500.00","0","1.06",""
"31.00","car6","0.00","-E7","-E7_0","-E7_1","-E0_0","0.00","269.17","500.00","0.00","14.28","14.14","0.00","0.00","109.00","109.00","1300.00","0","1.05",""
"31.00","car4","5.00","E0","E0_0","E0_2","","0.00","214.99","-1.00","0.00","14.00","-1.00","5.00","0.00","115.00","-1.00","667.12","0","1.03","end"
"31.00","car3","0.00","E0","E0_0","E0_2","","0.00","285.16","-1.00","0.00","14.99","-1.00","0.00","3.00","120.00","-1.00","685.78","0","1.08","end"
"32.00","car5","5.00","-E12","-E6_0","-E12_0","E2_0","0.00","88.03","100.00","0.00","11.34","11.44","5.00","0.00","55.00","60.00","500.00","0","0.83",""
"32.00","car0","0.00","-E12","-E6_0","-E12_0","E2_0","0.00","135.07","100.00","0.00","13.69","14.61","0.00","0.00","51.00","51.00","500.00","0","1.06",""
"32.00","car6","0.00","-E7","-E7_0","-E7_1","-E0_0","0.00","283.68","500.00","0.00","14.51","14.14","0.00","0.00","109.00","109.00","1300.00","0","1.05",""
"32.00","car4","5.00","E0","E0_0","E0_2","","0.00","229.18","-1.00","0.00","14.19","-1.00","5.00","0.00","115.00","-1.00","667.12","0","1.03","end"
"32.00","car3","0.00","E0","E0_0","E0_2","","0.00","300.19","-1.00","0.00","15.03","-1.00","0.00","3.00","120.00","-1.00","685.78","0","1.08","end"
"33.00","car5","5.00","-E12","-E6_0","-E12_0","E2_0","0.00","99.21","100.00","0.00","11.18","11.44","5.00","0.00","55.00","60.00","500.00","0","0.83",""
"33.00","car0","0.00","-E12","-E6_0","-E12_0","E2_0","0.00","149.18","100.00","0.00","14.10","14.61","0.00","0.00","51.00","51.00","500.00","0","1.06",""
"33.00","car6","0.00","-E7","-E7_0","-E7_1","-E0_0","0.00","298.00","500.00","0.00","14.31","14.14","0.00","0.00","109.00","109.00","1300.00","0","1.05",""
"33.00","car4","5.00","E0","E0_0","E0_2","","0.00","243.26","-1.00","0.00","14.08","-1.00","5.00","0.00","115.00","-1.00","667.12","0","1.03","end"
"33.00","car3","0.00","E0","E0_0","E0_2","","0.00","314.85","-1.00","0.00","14.65","-1.00","0.00","3.00","120.00","-1.00","685.78","0","1.08","end"
"34.00","car5","5.00","-E12","-E6_0","-E12_0","E2_0","0.00","110.58","100.00","0.00","11.37","11.44","5.00","0.00","55.00","60.00","500.00","0","0.83",""
"34.00","car0","0.00","-E12","-E6_0","-E12_0","E2_0","0.00","163.59","100.00","0.00","14.41","14.61","0.00","0.00","51.00","51.00","500.00","0","1.06",""
"34.00","car6","0.00","-E4","-E7_0","-E4_2","-E0_0","0.00","12.21","500.00","0.00","14.22","14.14","0.00","0.00","109.00","109.00","1300.00","0","1.05",""
"34.00","car4","5.00","E0","E0_0","E0_2","","0.00","257.54","-1.00","0.00","14.28","-1.00","5.00","0.00","115.00","-1.00","667.12","0","1.03","end"
"34.00","car3","0.00","E0","E0_0","E0_2","","0.00","329.79","-1.00","0.00","14.94","-1.00","0.00","3.00","120.00","-1.00","685.78","0","1.08","end"
"35.00","car5","5.00","-E12","-E6_0","-E12_0","E2_0","0.00","121.97","100.00","0.00","11.39","11.44","5.00","0.00","55.00","60.00","500.00","0","0.83",""
"35.00","car0","0.00","-E12","-E6_0","-E12_0","E2_0","0.00","178.12","100.00","0.00","14.53","14.61","0.00","0.00","51.00","51.00","500.00","0","1.06",""
"35.00","car6","0.00","-E4","-E7_0","-E4_2","-E0_0","0.00","26.56","500.00","0.00","14.35","14.14","0.00","0.00","109.00","109.00","1300.00","0","1.05",""
"35.00","car4","5.00","E0","E0_0","E0_2","","0.00","271.74","-1.00","0.00","14.20","-1.00","5.00","0.00","115.00","-1.00","667.12","0","1.03","end"
"35.00","car3","0.00","E0","E0_0","E0_2","","0.00","344.70","-1.00","0.00","14.91","-1.00","0.00","3.00","120.00","-1.00","685.78","0","1.08","end"
"36.00","car5","5.00","-E12","-E6_0","-E12_0","E2_0","0.00","133.16","100.00","0.00","11.19","11.44","5.00","0.00","55.00","60.00","500.00","0","0.83",""
"36.00","car0","0.00","-E12","-E6_0","-E12_0","E2_0","0.00","192.66","100.00","0.00","14.54","14.61","0.00","0.00","51.00","51.00","500.00","0","1.06",""
"36.00","car6","0.00","-E4","-E7_0","-E4_2","-E0_0","0.00","40.85","500.00","0.00","14.29","14.14","0.00","0.00","109.00","109.00","1300.00","0","1.05",""
"36.00","car4","5.00","E0","E0_0","E0_2","","0.00","285.83","-1.00","0.00","14.09","-1.00","5.00","0.00","115.00","-1.00","667.12","0","1.03","end"
"36.00","car3","0.00","E0","E0_0","E0_2","","0.00","359.54","-1.00","0.00","14.84","-1.00","0.00","3.00","120.00","-1.00","685.78","0","1.08","end"
"37.00","car5","5.00","-E12","-E6_0","-E12_0","E2_0","0.00","144.51","100.00","0.00","11.35","11.44","5.00","0.00","55.00","60.00","500.00","0","0.83",""
"37.00","car0","0.00","-E12","-E6_0","-E12_0","E2_0","0.00","207.26","100.00","0.00","14.60","14.61","0.00","0.00","51.00","51.00","500.00","0","1.06",""
"37.00","car6","0.00","-E4","-E7_0","-E4_2","-E0_0","0.00","55.04","500.00","0.00","14.20","14.14","0.00","0.00","109.00","109.00","1300.00","0","1.05",""
"37.00","car4","5.00","E0","E0_0","E0_2","","0.00","299.88","-1.00","0.00","14.05","-1.00","5.00","0.00","115.00","-1.00","667.12","0","1.03","end"
"37.00","car3","0.00","E0","E0_0","E0_2","","0.00","374.19","-1.00","0.00","14.65","-1.00","0.00","3.00","120.00","-1.00","685.78","0","1.08","end"
"38.00","car5","5.00","-E12","-E6_0","-E12_0","E2_0","0.00","155.86","100.00","0.00","11.36","11.44","5.00","0.00","55.00","60.00","500.00","0","0.83",""
"38.00","car0","0.00","-E12","-E6_0","-E12_0","E2_0","0.00","221.62","100.00","0.00","14.35","14.61","0.00","0.00","51.00","51.00","500.00","0","1.06",""
"38.00","car6","0.00","-E4","-E7_0","-E4_2","-E0_0","0.00","69.52","500.00","0.00","14.47","14.14","0.00","0.00","109.00","109.00","1300.00","0","1.05",""
"38.00","car4","5.00","E0","E0_0","E0_2","","0.00","313.85","-1.00","0.00","13.97","-1.00","5.00","0.00","115.00","-1.00","667.12","0","1.03","end"
"38.00","car3","0.00","E0","E0_0","E0_2","","0.00","388.92","-1.00","0.00","14.73","-1.00","0.00","3.00","120.00","-1.00","685.78","0","1.08","end"
"39.00","car5","5.00","-E12","-E6_0","-E12_0","E2_0","0.00","167.36","100.00","0.00","11.49","11.44","5.00","0.00","55.00","60.00","500.00","0","0.83",""
"39.00","car0","0.00","-E12","-E6_0","-E12_0","E2_0","0.00","236.32","100.00","0.00","14.70","14.61","0.00","0.00","51.00","51.00","500.00","0","1.06",""
"39.00","car6","0.00","-E4","-E7_0","-E4_2","-E0_0","0.00","83.69","500.00","0.00","14.17","14.14","0.00","0.00","109.00","109.00","1300.00","0","1.05",""
"39.00","car4","5.00","E0","E0_0","E0_2","","0.00","328.06","-1.00","0.00","14.21","-1.00","5.00","0.00","115.00","-1.00","667.12","0","1.03","end"
"39.00","car3","0.00","E0","E0_0","E0_2","","0.00","403.88","-1.00","0.00","14.96","-1.00","0.00","3.00","120.00","-1.00","685.78","0","1.08","end"
"40.00","car5","5.00","-E12","-E6_0","-E12_0","E2_0","0.00","178.60","100.00","0.00","11.25","11.44","5.00","0.00","55.00","60.00","500.00","0","0.83",""
"40.00","car0","0.00","-E12","-E6_0","-E12_0","E2_0","0.00","250.81","100.00","0.00","14.49","14.61","0.00","0.00","51.00","51.00","500.00","0","1.06",""
"40.00","car6","0.00","-E4","-E7_0","-E4_2","-E0_0","0.00","97.96","500.00","0.00","14.27","14.14","0.00","0.00","109.00","109.00","1300.00","0","1.05",""
"40.00","car4","5.00","E0","E0_0","E0_2","","0.00","342.06","-1.00","0.00","14.00","-1.00","5.00","0.00","115.00","-1.00","667.12","0","1.03","end"
"40.00","car3","0.00","E0","E0_0","E0_2","","0.00","418.66","-1.00","0.00","14.78","-1.00","0.00","3.00","120.00","-1.00","685.78","0","1.08","end"
"41.00","car5","5.00","-E12","-E6_0","-E12_0","E2_0","0.00","189.80","100.00","0.00","11.19","11.44","5.00","0.00","55.00","60.00","500.00","0","0.83",""
"41.00","car0","0.00","-E12","-E6_0","-E12_0","E2_0","0.00","265.48","100.00","0.00","14.67","14.61","0.00","0.00","51.00","51.00","500.00","0","1.06",""
"41.00","car6","0.00","-E4","-E7_0","-E4_2","-E0_0","0.00","112.12","500.00","0.00","14.17","14.14","0.00","0.00","109.00","109.00","1300.00","0","1.05",""
"41.00","car4","5.00","E0","E0_0","E0_2","","0.00","356.14","-1.00","0.00","14.08","-1.00","5.00","0.00","115.00","-1.00","667.12","0","1.03","end"
"41.00","car3","0.00","E0","E0_0","E0_2","","0.00","433.68","-1.00","0.00","15.02","-1.00","0.00","3.00","120.00","-1.00","685.78","0","1.08","end"
"42.00","car5","5.00","-E12","-E6_0","-E12_0","E2_0","0.00","201.01","100.00","0.00","11.22","11.44","5.00","0.00","55.00","60.00","500.00","0","0.83",""
"42.00","car0","0.00","-E12","-E6_0","-E12_0","E2_0","0.00","279.81","100.00","0.00","14.33","14.61","0.00","0.00","51.00","51.00","500.00","0","1.06",""
"42.00","car6","0.00","-E4","-E7_0","-E4_2","-E0_0","0.00","126.44","500.00","0.00","14.32","14.14","0.00","0.00","109.00","109.00","1300.00","0","1.05",""
"42.00","car4","5.00","E0","E0_0","E0_2","","0.00","370.27","-1.00","0.00","14.12","-1.00","5.00","0.00","115.00","-1.00","667.12","0","1.03","end"
"42.00","car3","0.00","E0","E0_0","E0_2","","0.00","448.69","-1.00","0.00","15.01","-1.00","0.00","3.00","120.00","-1.00","685.78","0","1.08","end"
"43.00","car5","5.00","-E12","-E6_0","-E12_0","E2_0","0.00","212.35","100.00","0.00","11.33","11.44","5.00","0.00","55.00","60.00","500.00","0","0.83",""
"43.00","car0","0.00","-E12","-E6_0","-E12_0","E2_0","0.00","294.22","100.00","0.00","14.40","14.61","0.00","0.00","51.00","51.00","500.00","0","1.06",""
"43.00","car6","0.00","-E4","-E7_0","-E4_2","-E0_0","0.00","140.83","500.00","0.00","14.39","14.14","0.00","0.00","109.00","109.00","1300.00","0","1.05",""
"43.00","car4","5.00","E0","E0_0","E0_2","","0.00","384.41","-1.00","0.00","14.14","-1.00","5.00","0.00","115.00","-1.00","667.12","0","1.03","end"
"43.00","car3","0.00","E0","E0_0","E0_2","","0.00","463.54","-1.00","0.00","14.85","-1.00","0.00","3.00","120.00","-1.00","685.78","0","1.08","end"
"44.00","car5","5.00","-E12","-E6_0","-E12_0","E2_0","0.00","223.67","100.00","0.00","11.32","11.44","5.00","0.00","55.00","60.00","500.00","0","0.83",""
"44.00","car6","0.00","-E4","-E7_0","-E4_2","-E0_0","0.00","155.02","500.00","0.00","14.20","14.14","0.00","0.00","109.00","109.00","1300.00","0","1.05",""
"44.00","car4","5.00","E0","E0_0","E0_2","","0.00","398.47","-1.00","0.00","14.06","-1.00","5.00","0.00","115.00","-1.00","667.12","0","1.03","end"
"44.00","car3","0.00","E0","E0_0","E0_2","","0.00","478.31","-1.00","0.00","14.76","-1.00","0.00","3.00","120.00","-1.00","685.78","0","1.08","end"
"44.00","car0","0.00","E2","-E6_0","E2_0","E2_0","0.00","8.58","100.00","0.00","14.36","14.61","0.00","0.00","51.00","51.00","500.00","0","1.06",""
"45.00","car5","5.00","-E12","-E6_0","-E12_0","E2_0","0.00","234.85","100.00","0.00","11.18","11.44","5.00","0.00","55.00","60.00","500.00","0","0.83",""
"45.00","car6","0.00","-E4","-E7_0","-E4_2","-E0_0","0.00","169.20","500.00","0.00","14.18","14.14","0.00","0.00","109.00","109.00","1300.00","0","1.05",""
"45.00","car4","5.00","E0","E0_0","E0_2","","0.00","412.76","-1.00","0.00","14.29","-1.00","5.00","0.00","115.00","-1.00","667.12","0","1.03","end"
"45.00","car3","0.00","E0","E0_0","E0_2","","0.00","489.83","-1.00","0.00","11.52","-1.00","0.00","3.00","120.00","-1.00","685.78","0","1.08","end"
"45.00","car0","0.00","E2","-E6_0","E2_0","E2_0","0.00","22.90","100.00","0.00","14.32","14.61","0.00","0.00","51.00","51.00","500.00","0","1.06",""
"46.00","car5","5.00","-E12","-E6_0","-E12_0","E2_0","0.00","246.24","100.00","0.00","11.40","11.44","5.00","0.00","55.00","60.00","500.00","0","0.83",""
"46.00","car6","0.00","-E4","-E7_0","-E4_2","-E0_0","0.00","183.53","500.00","0.00","14.33","14.14","0.00","0.00","109.00","109.00","1300.00","0","1.05",""
"46.00","car4","5.00","E0","E0_0","E0_2","","0.00","426.77","-1.00","0.00","14.01","-1.00","5.00","0.00","115.00","-1.00","667.12","0","1.03","end"
"46.00","car3","0.00","E0","E0_0","E0_2","","0.00","496.94","-1.00","0.00","7.12","-1.00","0.00","3.00","120.00","-1.00","685.78","0","1.08","end"
"46.00","car0","0.00","E2","-E6_0","E2_0","E2_0","0.00","37.34","100.00","0.00","14.43","14.61","0.00","0.00","51.00","51.00","500.00","0","1.06",""
"47.00","car5","5.00","-E12","-E6_0","-E12_0","E2_0","0.00","257.41","100.00","0.00","11.17","11.44","5.00","0.00","55.00","60.00","500.00","0","0.83",""
"47.00","car6","0.00","-E4","-E7_0","-E4_2","-E0_0","0.00","193.36","500.00","0.00","9.83","14.14","0.00","0.00","109.00","109.00","1300.00","0","1.05",""
"47.00","car4","5.00","E0","E0_0","E0_2","","0.00","441.02","-1.00","0.00","14.25","-1.00","5.00","0.00","115.00","-1.00","667.12","0","1.03","end"
"47.00","car3","0.00","E0","E0_0","E0_2","","0.00","499.66","-1.00","0.00","2.72","-1.00","0.00","3.00","120.00","-1.00","685.78","0","1.08","end"
"47.00","car0","0.00","E2","-E6_0","E2_0","E2_0","0.00","51.87","100.00","0.00","14.53","14.61","0.00","0.00","51.00","51.00","500.00","0","1.06",""
"48.00","car5","5.00","-E12","-E6_0","-E12_0","E2_0","0.00","268.89","100.00","0.00","11.48","11.44","5.00","0.00","55.00","60.00","500.00","0","0.83",""
"48.00","car6","0.00","-E4","-E7_0","-E4_2","-E0_0","0.00","198.79","500.00","0.00","5.43","14.14","0.00","0.00","109.00","109.00","1300.00","0","1.05",""
"48.00","car4","5.00","E0","E0_0","E0_2","","0.00","455.25","-1.00","0.00","14.23","-1.00","5.00","0.00","115.00","-1.00","667.12","0","1.03","end"
"48.00","car3","0.00","E0","E0_0","E0_2","","0.00","499.79","-1.00","0.00","0.12","-1.00","0.00","3.00","120.00","-1.00","685.78","0","1.08","end"
"48.00","car0","0.00","E2","-E6_0","E2_0","E2_0","0.00","66.38","100.00","0.00","14.51","14.61","0.00","0.00","51.00","51.00","500.00","0","1.06",""
"49.00","car5","5.00","-E12","-E6_0","-E12_0","E2_0","0.00","280.41","100.00","0.00","11.52","11.44","5.00","0.00","55.00","60.00","500.00","0","0.83",""
"49.00","car6","0.00","-E12","-E7_0","-E12_2","-E0_0","0.00","4.64","500.00","0.00","5.84","14.14","0.00","0.00","109.00","109.00","1300.00","0","1.05",""
"49.00","car4","5.00","E0","E0_0","E0_2","","0.00","469.24","-1.00","0.00","13.99","-1.00","5.00","0.00","115.00","-1.00","667.12","0","1.03","end"
"49.00","car3","0.00","E0","E0_0","E0_2","","0.00","499.86","-1.00","0.00","0.07","-1.00","0.00","3.00","120.00","-1.00","685.78","0","1.08","end"
"49.00","car0","0.00","E2","-E6_0","E2_0","E2_0","0.00","81.06","100.00","0.00","14.68","14.61","0.00","0.00","51.00","51.00","500.00","0","1.06",""
"50.00","car5","5.00","-E12","-E6_0","-E12_0","E2_0","0.00","291.92","100.00","0.00","11.50","11.44","5.00","0.00","55.00","60.00","500.00","0","0.83",""
"50.00","car6","0.00","-E12","-E7_0","-E12_2","-E0_0","0.00","10.92","500.00","0.00","6.28","14.14","0.00","0.00","109.00","109.00","1300.00","0","1.05",""
"50.00","car4","5.00","E0","E0_0","E0_2","","0.00","481.30","-1.00","0.00","12.05","-1.00","5.00","0.00","115.00","-1.00","667.12","0","1.03","end"
"50.00","car3","0.00","E0","E0_0","E0_2","","0.00","499.89","-1.00","0.00","0.03","-1.00","0.00","3.00","120.00","-1.00","685.78","0","1.08","end"
"50.00","car0","0.00","E2","-E6_0","E2_0","E2_0","0.00","95.46","100.00","0.00","14.40","14.61","0.00","0.00","51.00","51.00","500.00","0","1.06",""
"51.00","car6","0.00","-E12","-E7_0","-E12_2","-E0_0","0.00","18.00","500.00","0.00","7.08","14.14","0.00","0.00","109.00","109.00","1300.00","0","1.05",""
"51.00","car4","5.00","E0","E0_0","E0_2","","0.00","488.90","-1.00","0.00","7.60","-1.00","5.00","0.00","115.00","-1.00","667.12","0","1.03","end"
"51.00","car3","0.00","E0","E0_0","E0_2","","0.00","499.90","-1.00","0.00","0.01","-1.00","0.00","3.00","120.00","-1.00","685.78","0","1.08","end"
"51.00","car5","5.00","E2","-E6_0","E2_0","E2_0","0.00","3.34","100.00","0.00","11.42","11.44","5.00","0.00","55.00","60.00","500.00","0","0.83",""
"52.00","car6","0.00","-E12","-E7_0","-E12_2","-E0_0","0.00","25.75","500.00","0.00","7.75","14.14","0.00","0.00","109.00","109.00","1300.00","0","1.05",""
"52.00","car4","5.00","E0","E0_0","E0_2","","0.00","492.33","-1.00","0.00","3.43","-1.00","5.00","0.00","115.00","-1.00","667.12","0","1.03","end"
"52.00","car3","0.00","E12","E0_0","E12_2","","0.00","0.61","-1.00","0.00","0.71","-1.00","0.00","3.00","120.00","-1.00","685.78","0","1.08","end"
"52.00","car5","5.00","E2","-E6_0","E2_0","E2_0","0.00","14.58","100.00","0.00","11.24","11.44","5.00","0.00","55.00","60.00","500.00","0","0.83",""
"53.00","car6","0.00","-E12","-E7_0","-E12_2","-E0_0","0.00","34.25","500.00","0.00","8.50","14.14","0.00","0.00","109.00","109.00","1300.00","0","1.05",""
"53.00","car4","5.00","E0","E0_0","E0_2","","0.00","493.00","-1.00","0.00","0.67","-1.00","5.00","0.00","115.00","-1.00","667.12","0","1.03","end"
"53.00","car3","0.00","E12","E0_0","E12_2","","0.00","1.94","-1.00","0.00","1.33","-1.00","0.00","3.00","120.00","-1.00","685.78","0","1.08","end"
"53.00","car5","5.00","E2","-E6_0","E2_0","E2_0","0.00","26.03","100.00","0.00","11.45","11.44","5.00","0.00","55.00","60.00","500.00","0","0.83",""
"54.00","car6","0.00","-E12","-E7_0","-E12_2","-E0_0","0.00","43.38","500.00","0.00","9.12","14.14","0.00","0.00","109.00","109.00","1300.00","0","1.05",""
"54.00","car4","5.00","E0","E0_0","E0_2","","0.00","494.38","-1.00","0.00","1.38","-1.00","5.00","0.00","115.00","-1.00","667.12","0","1.03","end"
"54.00","car3","0.00","E12","E0_0","E12_2","","0.00","3.71","-1.00","0.00","1.77","-1.00","0.00","3.00","120.00","-1.00","685.78","0","1.08","end"
"54.00","car5","5.00","E2","-E6_0","E2_0","E2_0","0.00","37.51","100.00","0.00","11.49","11.44","5.00","0.00","55.00","60.00","500.00","0","0.83",""
"55.00","car6","0.00","-E12","-E7_0","-E12_2","-E0_0","0.00","53.25","500.00","0.00","9.87","14.14","0.00","0.00","109.00","109.00","1300.00","0","1.05",""
"55.00","car4","5.00","E0","E0_0","E0_2","","0.00","496.11","-1.00","0.00","1.73","-1.00","5.00","0.00","115.00","-1.00","667.12","0","1.03","end"
"55.00","car3","0.00","E12","E0_0","E12_2","","0.00","6.22","-1.00","0.00","2.52","-1.00","0.00","3.00","120.00","-1.00","685.78","0","1.08","end"
"55.00","car5","5.00","E2","-E6_0","E2_0","E2_0","0.00","49.05","100.00","0.00","11.54","11.44","5.00","0.00","55.00","60.00","500.00","0","0.83",""
"56.00","car6","0.00","-E12","-E7_0","-E12_1","-E0_0","0.00","63.57","500.00","0.00","10.32","14.14","0.00","0.00","109.00","109.00","1300.00","0","1.05",""
"56.00","car4","5.00","E0","E0_0","E0_2","","0.00","498.63","-1.00","0.00","2.53","-1.00","5.00","0.00","115.00","-1.00","667.12","0","1.03","end"
"56.00","car3","0.00","E12","E0_0","E12_2","","0.00","9.05","-1.00","0.00","2.83","-1.00","0.00","3.00","120.00","-1.00","685.78","0","1.08","end"
"56.00","car5","5.00","E2","-E6_0","E2_0","E2_0","0.00","60.44","100.00","0.00","11.39","11.44","5.00","0.00","55.00","60.00","500.00","0","0.83",""
"57.00","car6","0.00","-E12","-E7_0","-E12_1","-E0_0","0.00","74.52","500.00","0.00","10.95","14.14","0.00","0.00","109.00","109.00","1300.00","0","1.05",""
"57.00","car3","0.00","E12","E0_0","E12_1","","0.00","11.97","-1.00","0.00","2.92","-1.00","0.00","3.00","120.00","-1.00","685.78","0","1.08","end"
"57.00","car4","5.00","E12","E0_0","E12_2","","0.00","1.47","-1.00","0.00","2.84","-1.00","5.00","0.00","115.00","-1.00","667.12","0","1.03","end"
"57.00","car5","5.00","E2","-E6_0","E2_0","E2_0","0.00","71.73","100.00","0.00","11.29","11.44","5.00","0.00","55.00","60.00","500.00","0","0.83",""
"58.00","car6","0.00","-E12","-E7_0","-E12_1","-E0_0","0.00","86.07","500.00","0.00","11.55","14.14","0.00","0.00","109.00","109.00","1300.00","0","1.05",""
"58.00","car3","0.00","E12","E0_0","E12_1","","0.00","14.72","-1.00","0.00","2.75","-1.00","0.00","3.00","120.00","-1.00","685.78","0","1.08","end"
"58.00","car4","5.00","E12","E0_0","E12_2","","0.00","4.05","-1.00","0.00","2.58","-1.00","5.00","0.00","115.00","-1.00","667.12","0","1.03","end"
"58.00","car5","5.00","E2","-E6_0","E2_0","E2_0","0.00","82.90","100.00","0.00","11.17","11.44","5.00","0.00","55.00","60.00","500.00","0","0.83",""
"59.00","car6","0.00","-E12","-E7_0","-E12_1","-E0_0","0.00","98.40","500.00","0.00","12.34","14.14","0.00","0.00","109.00","109.00","1300.00","0","1.05",""
"59.00","car3","0.00","E12","E0_0","E12_1","","0.00","17.70","-1.00","0.00","2.97","-1.00","0.00","3.00","120.00","-1.00","685.78","0","1.08","end"
"59.00","car4","5.00","E12","E0_0","E12_2","","0.00","6.82","-1.00","0.00","2.77","-1.00","5.00","0.00","115.00","-1.00","667.12","0","1.03","end"
"59.00","car5","5.00","E2","-E6_0","E2_0","E2_0","0.00","94.40","100.00","0.00","11.50","11.44","5.00","0.00","55.00","60.00","500.00","0","0.83",""
"60.00","car6","0.00","-E12","-E7_0","-E12_1","-E0_0","0.00","111.27","500.00","0.00","12.87","14.14","0.00","0.00","109.00","109.00","1300.00","0","1.05",""
"60.00","car3","0.00","E12","E0_0","E12_1","","0.00","20.51","-1.00","0.00","2.81","-1.00","0.00","3.00","120.00","-1.00","685.78","0","1.08","end"
"60.00","car4","5.00","E12","E0_0","E12_2","","0.00","9.48","-1.00","0.00","2.65","-1.00","5.00","0.00","115.00","-1.00","667.12","0","1.03","end"
"61.00","car6","0.00","-E12","-E7_0","-E12_1","-E0_0","0.00","124.58","500.00","0.00","13.31","14.14","0.00","0.00","109.00","109.00","1300.00","0","1.05",""
"61.00","car3","0.00","E12","E0_0","E12_1","","0.00","23.47","-1.00","0.00","2.96","-1.00","0.00","3.00","120.00","-1.00","685.78","0","1.08","end"
"61.00","car4","5.00","E12","E0_0","E12_2","","0.00","12.03","-1.00","0.00","2.55","-1.00","5.00","0.00","115.00","-1.00","667.12","0","1.03","end"
"62.00","car6","0.00","-E12","-E7_0","-E12_1","-E0_0","0.00","138.40","500.00","0.00","13.82","14.14","0.00","0.00","109.00","109.00","1300.00","0","1.05",""
"62.00","car3","0.00","E12","E0_0","E12_1","","0.00","26.11","-1.00","0.00","2.65","-1.00","0.00","3.00","120.00","-1.00","685.78","0","1.08","end"
"62.00","car4","5.00","E12","E0_0","E12_2","","0.00","14.76","-1.00","0.00","2.73","-1.00","5.00","0.00","115.00","-1.00","667.12","0","1.03","end"
"63.00","car6","0.00","-E12","-E7_0","-E12_0","-E0_0","0.00","152.63","500.00","0.00","14.24","14.14","0.00","0.00","109.00","109.00","1300.00","0","1.05",""
"63.00","car3","0.00","E12","E0_0","E12_0","","0.00","28.76","-1.00","0.00","2.65","-1.00","0.00","3.00","120.00","-1.00","685.78","0","1.08","end"
"63.00","car4","5.00","E12","E0_0","E12_1","","0.00","17.53","-1.00","0.00","2.77","-1.00","5.00","0.00","115.00","-1.00","667.12","0","1.03","end"
"64.00","car6","0.00","-E12","-E7_0","-E12_0","-E0_0","0.00","166.90","500.00","0.00","14.26","14.14","0.00","0.00","109.00","109.00","1300.00","0","1.05",""
"64.00","car3","0.00","E12","E0_0","E12_0","","0.00","31.70","-1.00","0.00","2.95","-1.00","0.00","3.00","120.00","-1.00","685.78","0","1.08","end"
"64.00","car4","5.00","E12","E0_0","E12_1","","0.00","20.06","-1.00","0.00","2.53","-1.00","5.00","0.00","115.00","-1.00","667.12","0","1.03","end"
"65.00","car6","0.00","-E12","-E7_0","-E12_0","-E0_0","0.00","181.13","500.00","0.00","14.23","14.14","0.00","0.00","109.00","109.00","1300.00","0","1.05",""
"65.00","car3","0.00","E12","E0_0","E12_0","","0.00","34.33","-1.00","0.00","2.62","-1.00","0.00","3.00","120.00","-1.00","685.78","0","1.08","end"
"65.00","car4","5.00","E12","E0_0","E12_1","","0.00","22.88","-1.00","0.00","2.82","-1.00","5.00","0.00","115.00","-1.00","667.12","0","1.03","end"
"66.00","car6","0.00","-E12","-E7_0","-E12_0","-E0_0","0.00","195.61","500.00","0.00","14.48","14.14","0.00","0.00","109.00","109.00","1300.00","0","1.05",""
"66.00","car3","0.00","E12","E0_0","E12_0","","0.00","37.09","-1.00","0.00","2.76","-1.00","0.00","3.00","120.00","-1.00","685.78","0","1.08","end"
"66.00","car4","5.00","E12","E0_0","E12_1","","0.00","25.51","-1.00","0.00","2.63","-1.00","5.00","0.00","115.00","-1.00","667.12","0","1.03","end"
"67.00","car6","0.00","-E12","-E7_0","-E12_0","-E0_0","0.00","210.04","500.00","0.00","14.43","14.14","0.00","0.00","109.00","109.00","1300.00","0","1.05",""
"67.00","car3","0.00","E12","E0_0","E12_0","","0.00","39.94","-1.00","0.00","2.85","-1.00","0.00","3.00","120.00","-1.00","685.78","0","1.08","end"
"67.00","car4","5.00","E12","E0_0","E12_1","","0.00","28.38","-1.00","0.00","2.86","-1.00","5.00","0.00","115.00","-1.00","667.12","0","1.03","end"
"68.00","car6","0.00","-E12","-E7_0","-E12_0","-E0_0","0.00","224.43","500.00","0.00","14.39","14.14","0.00","0.00","109.00","109.00","1300.00","0","1.05",""
"68.00","car3","0.00","E12","E0_0","E12_0","","0.00","42.62","-1.00","0.00","2.68","-1.00","0.00","3.00","120.00","-1.00","685.78","0","1.08","end"
"68.00","car4","5.00","E12","E0_0","E12_1","","0.00","31.11","-1.00","0.00","2.74","-1.00","5.00","0.00","115.00","-1.00","667.12","0","1.03","end"
"69.00","car6","0.00","-E12","-E7_0","-E12_0","-E0_0","0.00","238.73","500.00","0.00","14.30","14.14","0.00","0.00","109.00","109.00","1300.00","0","1.05",""
"69.00","car3","0.00","E12","E0_0","E12_0","","0.00","45.61","-1.00","0.00","3.00","-1.00","0.00","3.00","120.00","-1.00","685.78","0","1.08","end"
"69.00","car4","5.00","E12","E0_0","E12_1","","0.00","33.67","-1.00","0.00","2.56","-1.00","5.00","0.00","115.00","-1.00","667.12","0","1.03","end"
"70.00","car6","0.00","-E12","-E7_0","-E12_0","-E0_0","0.00","253.17","500.00","0.00","14.44","14.14","0.00","0.00","109.00","109.00","1300.00","0","1.05",""
"70.00","car3","0.00","E12","E0_0","E12_0","","0.00","48.22","-1.00","0.00","2.61","-1.00","0.00","3.00","120.00","-1.00","685.78","0","1.08","end"
"70.00","car4","5.00","E12","E0_0","E12_1","","0.00","36.23","-1.00","0.00","2.56","-1.00","5.00","0.00","115.00","-1.00","667.12","0","1.03","end"
"71.00","car6","0.00","-E12","-E7_0","-E12_0","-E0_0","0.00","267.68","500.00","0.00","14.51","14.14","0.00","0.00","109.00","109.00","1300.00","0","1.05",""
"71.00","car4","5.00","E12","E0_0","E12_0","","0.00","38.82","-1.00","0.00","2.59","-1.00","5.00","0.00","115.00","-1.00","667.12","0","1.03","end"
"71.00","car3","0.00","E12","E0_0","E12_0","","0.00","51.19","-1.00","0.00","2.97","-1.00","0.00","3.00","120.00","-1.00","685.78","0","1.08","end"
"72.00","car6","0.00","-E12","-E7_0","-E12_0","-E0_0","0.00","281.96","500.00","0.00","14.28","14.14","0.00","0.00","109.00","109.00","1300.00","0","1.05",""
"72.00","car4","5.00","E12","E0_0","E12_0","","0.00","41.41","-1.00","0.00","2.59","-1.00","5.00","0.00","115.00","-1.00","667.12","0","1.03","end"
"72.00","car3","0.00","E12","E0_0","E12_0","","0.00","53.98","-1.00","0.00","2.79","-1.00","0.00","3.00","120.00","-1.00","685.78","0","1.08","end"
"73.00","car6","0.00","-E12","-E7_0","-E12_0","-E0_0","0.00","296.21","500.00","0.00","14.24","14.14","0.00","0.00","109.00","109.00","1300.00","0","1.05",""
"73.00","car4","5.00","E12","E0_0","E12_0","","0.00","44.09","-1.00","0.00","2.68","-1.00","5.00","0.00","115.00","-1.00","667.12","0","1.03","end"
"73.00","car3","0.00","E12","E0_0","E12_0","","0.00","56.86","-1.00","0.00","2.88","-1.00","0.00","3.00","120.00","-1.00","685.78","0","1.08","end"
"74.00","car6","0.00","-E0","-E7_0","-E0_0","-E0_0","0.00","10.43","500.00","0.00","14.23","14.14","0.00","0.00","109.00","109.00","1300.00","0","1.05",""
"74.00","car4","5.00","E12","E0_0","E12_0","","0.00","46.95","-1.00","0.00","2.86","-1.00","5.00","0.00","115.00","-1.00","667.12","0","1.03","end"
"74.00","car3","0.00","E12","E0_0","E12_0","","0.00","59.51","-1.00","0.00","2.65","-1.00","0.00","3.00","120.00","-1.00","685.78","0","1.08","end"
"75.00","car6","0.00","-E0","-E7_0","-E0_0","-E0_0","0.00","24.60","500.00","0.00","14.17","14.14","0.00","0.00","109.00","109.00","1300.00","0","1.05",""
"75.00","car4","5.00","E12","E0_0","E12_0","","0.00","49.62","-1.00","0.00","2.67","-1.00","5.00","0.00","115.00","-1.00","667.12","0","1.03","end"
"75.00","car3","0.00","E12","E0_0","E12_0","","0.00","62.34","-1.00","0.00","2.82","-1.00","0.00","3.00","120.00","-1.00","685.78","0","1.08","end"
"76.00","car6","0.00","-E0","-E7_0","-E0_0","-E0_0","0.00","38.84","500.00","0.00","14.24","14.14","0.00","0.00","109.00","109.00","1300.00","0","1.05",""
"76.00","car4","5.00","E12","E0_0","E12_0","","0.00","52.13","-1.00","0.00","2.52","-1.00","5.00","0.00","115.00","-1.00","667.12","0","1.03","end"
"76.00","car3","0.00","E12","E0_0","E12_0","","0.00","65.33","-1.00","0.00","3.00","-1.00","0.00","3.00","120.00","-1.00","685.78","0","1.08","end"
"77.00","car6","0.00","-E0","-E7_0","-E0_0","-E0_0","0.00","53.35","500.00","0.00","14.51","14.14","0.00","0.00","109.00","109.00","1300.00","0","1.05",""
"77.00","car4","5.00","E12","E0_0","E12_0","","0.00","54.81","-1.00","0.00","2.68","-1.00","5.00","0.00","115.00","-1.00","667.12","0","1.03","end"
"77.00","car3","0.00","E12","E0_0","E12_0","","0.00","68.32","-1.00","0.00","2.98","-1.00","0.00","3.00","120.00","-1.00","685.78","0","1.08","end"
"78.00","car6","0.00","-E0","-E7_0","-E0_0","-E0_0","0.00","67.68","500.00","0.00","14.33","14.14","0.00","0.00","109.00","109.00","1300.00","0","1.05",""
"78.00","car4","5.00","E12","E0_0","E12_0","","0.00","57.63","-1.00","0.00","2.82","-1.00","5.00","0.00","115.00","-1.00","667.12","0","1.03","end"
"78.00","car3","0.00","E12","E0_0","E12_0","","0.00","71.23","-1.00","0.00","2.91","-1.00","0.00","3.00","120.00","-1.00","685.78","0","1.08","end"
"79.00","car6","0.00","-E0","-E7_0","-E0_0","-E0_0","0.00","81.97","500.00","0.00","14.29","14.14","0.00","0.00","109.00","109.00","1300.00","0","1.05",""
"79.00","car4","5.00","E12","E0_0","E12_0","","0.00","60.33","-1.00","0.00","2.69","-1.00","5.00","0.00","115.00","-1.00","667.12","0","1.03","end"
"79.00","car3","0.00","E12","E0_0","E12_0","","0.00","74.17","-1.00","0.00","2.95","-1.00","0.00","3.00","120.00","-1.00","685.78","0","1.08","end"
"80.00","car6","0.00","-E0","-E7_0","-E0_0","-E0_0","0.00","96.48","500.00","0.00","14.51","14.14","0.00","0.00","109.00","109.00","1300.00","0","1.05",""
"80.00","car4","5.00","E12","E0_0","E12_0","","0.00","62.99","-1.00","0.00","2.66","-1.00","5.00","0.00","115.00","-1.00","667.12","0","1.03","end"
"80.00","car3","0.00","E12","E0_0","E12_0","","0.00","76.86","-1.00","0.00","2.69","-1.00","0.00","3.00","120.00","-1.00","685.78","0","1.08","end"
"81.00","car6","0.00","-E0","-E7_0","-E0_0","-E0_0","0.00","110.71","500.00","0.00","14.23","14.14","0.00","0.00","109.00","109.00","1300.00","0","1.05",""
"81.00","car4","5.00","E12","E0_0","E12_0","","0.00","65.54","-1.00","0.00","2.55","-1.00","5.00","0.00","115.00","-1.00","667.12","0","1.03","end"
"81.00","car3","0.00","E12","E0_0","E12_0","","0.00","79.49","-1.00","0.00","2.62","-1.00","0.00","3.00","120.00","-1.00","685.78","0","1.08","end"
"82.00","car6","0.00","-E0","-E7_0","-E0_0","-E0_0","0.00","125.13","500.00","0.00","14.43","14.14","0.00","0.00","109.00","109.00","1300.00","0","1.05",""
"82.00","car4","5.00","E12","E0_0","E12_0","","0.00","68.07","-1.00","0.00","2.53","-1.00","5.00","0.00","115.00","-1.00","667.12","0","1.03","end"
"82.00","car3","0.00","E12","E0_0","E12_0","","0.00","82.18","-1.00","0.00","2.69","-1.00","0.00","3.00","120.00","-1.00","685.78","0","1.08","end"
"83.00","car6","0.00","-E0","-E7_0","-E0_0","-E0_0","0.00","139.44","500.00","0.00","14.31","14.14","0.00","0.00","109.00","109.00","1300.00","0","1.05",""
"83.00","car4","5.00","E12","E0_0","E12_0","","0.00","70.89","-1.00","0.00","2.82","-1.00","5.00","0.00","115.00","-1.00","667.12","0","1.03","end"
"83.00","car3","0.00","E12","E0_0","E12_0","","0.00","85.19","-1.00","0.00","3.01","-1.00","0.00","3.00","120.00","-1.00","685.78","0","1.08","end"
"84.00","car6","0.00","-E0","-E7_0","-E0_0","-E0_0","0.00","153.67","500.00","0.00","14.23","14.14","0.00","0.00","109.00","109.00","1300.00","0","1.05",""
"84.00","car4","5.00","E12","E0_0","E12_0","","0.00","73.68","-1.00","0.00","2.80","-1.00","5.00","0.00","115.00","-1.00","667.12","0","1.03","end"
"84.00","car3","0.00","E12","E0_0","E12_0","","0.00","87.85","-1.00","0.00","2.66","-1.00","0.00","3.00","120.00","-1.00","685.78","0","1.08","end"
"85.00","car6","0.00","-E0","-E7_0","-E0_0","-E0_0","0.00","168.19","500.00","0.00","14.52","14.14","0.00","0.00","109.00","109.00","1300.00","0","1.05",""
"85.00","car4","5.00","E12","E0_0","E12_0","","0.00","76.44","-1.00","0.00","2.75","-1.00","5.00","0.00","115.00","-1.00","667.12","0","1.03","end"
"85.00","car3","0.00","E12","E0_0","E12_0","","0.00","90.55","-1.00","0.00","2.69","-1.00","0.00","3.00","120.00","-1.00","685.78","0","1.08","end"
"86.00","car6","0.00","-E0","-E7_0","-E0_0","-E0_0","0.00","182.45","500.00","0.00","14.26","14.14","0.00","0.00","109.00","109.00","1300.00","0","1.05",""
"86.00","car4","5.00","E12","E0_0","E12_0","","0.00","79.26","-1.00","0.00","2.82","-1.00","5.00","0.00","115.00","-1.00","667.12","0","1.03","end"
"86.00","car3","0.00","E12","E0_0","E12_0","","0.00","93.31","-1.00","0.00","2.77","-1.00","0.00","3.00","120.00","-1.00","685.78","0","1.08","end"
"87.00","car6","0.00","-E0","-E7_0","-E0_0","-E0_0","0.00","196.79","500.00","0.00","14.34","14.14","0.00","0.00","109.00","109.00","1300.00","0","1.05",""
"87.00","car4","5.00","E12","E0_0","E12_0","","0.00","81.85","-1.00","0.00","2.59","-1.00","5.00","0.00","115.00","-1.00","667.12","0","1.03","end"
"87.00","car3","0.00","E12","E0_0","E12_0","","0.00","96.04","-1.00","0.00","2.72","-1.00","0.00","3.00","120.00","-1.00","685.78","0","1.08","end"
"88.00","car6","0.00","-E0","-E7_0","-E0_0","-E0_0","0.00","211.14","500.00","0.00","14.35","14.14","0.00","0.00","109.00","109.00","1300.00","0","1.05",""
"88.00","car4","5.00","E12","E0_0","E12_0","","0.00","84.37","-1.00","0.00","2.52","-1.00","5.00","0.00","115.00","-1.00","667.12","0","1.03","end"
"88.00","car3","0.00","E12","E0_0","E12_0","","0.00","98.66","-1.00","0.00","2.63","-1.00","0.00","3.00","120.00","-1.00","685.78","0","1.08","end"
"89.00","car6","0.00","-E0","-E7_0","-E0_0","-E0_0","0.00","225.44","500.00","0.00","14.30","14.14","0.00","0.00","109.00","109.00","1300.00","0","1.05",""
"89.00","car4","5.00","E12","E0_0","E12_0","","0.00","87.08","-1.00","0.00","2.71","-1.00","5.00","0.00","115.00","-1.00","667.12","0","1.03","end"
"89.00","car3","0.00","E12","E0_0","E12_0","","0.00","101.58","-1.00","0.00","2.92","-1.00","0.00","3.00","120.00","-1.00","685.78","0","1.08","end"
"90.00","car6","0.00","-E0","-E7_0","-E0_0","-E0_0","0.00","239.86","500.00","0.00","14.42","14.14","0.00","0.00","109.00","109.00","1300.00","0","1.05",""
"90.00","car4","5.00","E12","E0_0","E12_0","","0.00","89.78","-1.00","0.00","2.70","-1.00","5.00","0.00","115.00","-1.00","667.12","0","1.03","end"
"90.00","car3","0.00","E12","E0_0","E12_0","","0.00","104.54","-1.00","0.00","2.96","-1.00","0.00","3.00","120.00","-1.00","685.78","0","1.08","end"
"91.00","car6","0.00","-E0","-E7_0","-E0_0","-E0_0","0.00","254.36","500.00","0.00","14.50","14.14","0.00","0.00","109.00","109.00","1300.00","0","1.05",""
"91.00","car4","5.00","E12","E0_0","E12_0","","0.00","92.47","-1.00","0.00","2.69","-1.00","5.00","0.00","115.00","-1.00","667.12","0","1.03","end"
"91.00","car3","0.00","E12","E0_0","E12_0","","0.00","107.35","-1.00","0.00","2.80","-1.00","0.00","3.00","120.00","-1.00","685.78","0","1.08","end"
"92.00","car6","0.00","-E0","-E7_0","-E0_0","-E0_0","0.00","268.53","500.00","0.00","14.18","14.14","0.00","0.00","109.00","109.00","1300.00","0","1.05",""
"92.00","car4","5.00","E12","E0_0","E12_0","","0.00","95.22","-1.00","0.00","2.75","-1.00","5.00","0.00","115.00","-1.00","667.12","0","1.03","end"
"92.00","car3","0.00","E12","E0_0","E12_0","","0.00","110.10","-1.00","0.00","2.75","-1.00","0.00","3.00","120.00","-1.00","685.78","0","1.08","end"
"93.00","car6","0.00","-E0","-E7_0","-E0_0","-E0_0","0.00","282.93","500.00","0.00","14.40","14.14","0.00","0.00","109.00","109.00","1300.00","0","1.05",""
"93.00","car4","5.00","E12","E0_0","E12_0","","0.00","97.72","-1.00","0.00","2.50","-1.00","5.00","0.00","115.00","-1.00","667.12","0","1.03","end"
"93.00","car3","0.00","E12","E0_0","E12_0","","0.00","112.76","-1.00","0.00","2.66","-1.00","0.00","3.00","120.00","-1.00","685.78","0","1.08","end"
"94.00","car6","0.00","-E0","-E7_0","-E0_0","-E0_0","0.00","297.18","500.00","0.00","14.25","14.14","0.00","0.00","109.00","109.00","1300.00","0","1.05",""
"94.00","car4","5.00","E12","E0_0","E12_0","","0.00","100.44","-1.00","0.00","2.72","-1.00","5.00","0.00","115.00","-1.00","667.12","0","1.03","end"
"94.00","car3","0.00","E12","E0_0","E12_0","","0.00","115.74","-1.00","0.00","2.97","-1.00","0.00","3.00","120.00","-1.00","685.78","0","1.08","end"
"95.00","car6","0.00","-E0","-E7_0","-E0_0","-E0_0","0.00","311.69","500.00","0.00","14.51","14.14","0.00","0.00","109.00","109.00","1300.00","0","1.05",""
"95.00","car4","5.00","E12","E0_0","E12_0","","0.00","103.23","-1.00","0.00","2.79","-1.00","5.00","0.00","115.00","-1.00","667.12","0","1.03","end"
"95.00","car3","0.00","E12","E0_0","E12_0","","0.00","118.56","-1.00","0.00","2.83","-1.00","0.00","3.00","120.00","-1.00","685.78","0","1.08","end"
"96.00","car6","0.00","-E0","-E7_0","-E0_0","-E0_0","0.00","326.01","500.00","0.00","14.32","14.14","0.00","0.00","109.00","109.00","1300.00","0","1.05",""
"96.00","car4","5.00","E12","E0_0","E12_0","","0.00","105.71","-1.00","0.00","2.48","-1.00","5.00","0.00","115.00","-1.00","667.12","0","1.03","end"
"96.00","car3","0.00","E12","E0_0","E12_0","","0.00","121.43","-1.00","0.00","2.86","-1.00","0.00","3.00","120.00","-1.00","685.78","0","1.08","end"
"97.00","car6","0.00","-E0","-E7_0","-E0_0","-E0_0","0.00","340.42","500.00","0.00","14.40","14.14","0.00","0.00","109.00","109.00","1300.00","0","1.05",""
"97.00","car4","5.00","E12","E0_0","E12_0","","0.00","108.44","-1.00","0.00","2.73","-1.00","5.00","0.00","115.00","-1.00","667.12","0","1.03","end"
"97.00","car3","0.00","E12","E0_0","E12_0","","0.00","124.23","-1.00","0.00","2.80","-1.00","0.00","3.00","120.00","-1.00","685.78","0","1.08","end"
"98.00","car6","0.00","-E0","-E7_0","-E0_0","-E0_0","0.00","354.69","500.00","0.00","14.27","14.14","0.00","0.00","109.00","109.00","1300.00","0","1.05",""
"98.00","car4","5.00","E12","E0_0","E12_0","","0.00","111.14","-1.00","0.00","2.70","-1.00","5.00","0.00","115.00","-1.00","667.12","0","1.03","end"
"98.00","car3","0.00","E12","E0_0","E12_0","","0.00","126.97","-1.00","0.00","2.74","-1.00","0.00","3.00","120.00","-1.00","685.78","0","1.08","end"
"99.00","car6","0.00","-E0","-E7_0","-E0_0","-E0_0","0.00","368.84","500.00","0.00","14.15","14.14","0.00","0.00","109.00","109.00","1300.00","0","1.05",""
"99.00","car4","5.00","E12","E0_0","E12_0","","0.00","113.70","-1.00","0.00","2.56","-1.00","5.00","0.00","115.00","-1.00","667.12","0","1.03","end"
"99.00","car3","0.00","E12","E0_0","E12_0","","0.00","129.94","-1.00","0.00","2.97","-1.00","0.00","3.00","120.00","-1.00","685.78","0","1.08","end"
"100.00","car6","0.00","-E0","-E7_0","-E0_0","-E0_0","0.00","383.04","500.00","0.00","14.20","14.14","0.00","0.00","109.00","109.00","1300.00","0","1.05",""
"100.00","car4","5.00","E12","E0_0","E12_0","","0.00","116.17","-1.00","0.00","2.47","-1.00","5.00","0.00","115.00","-1.00","667.12","0","1.03","end"
"100.00","car3","0.00","E12","E0_0","E12_0","","0.00","132.94","-1.00","0.00","3.00","-1.00","0.00","3.00","120.00","-1.00","685.78","0","1.08","end"
"101.00","car6","0.00","-E0","-E7_0","-E0_0","-E0_0","0.00","397.21","500.00","0.00","14.17","14.14","0.00","0.00","109.00","109.00","1300.00","0","1.05",""
"101.00","car4","5.00","E12","E0_0","E12_0","","0.00","118.91","-1.00","0.00","2.75","-1.00","5.00","0.00","115.00","-1.00","667.12","0","1.03","end"
"101.00","car3","0.00","E12","E0_0","E12_0","","0.00","135.91","-1.00","0.00","2.97","-1.00","0.00","3.00","120.00","-1.00","685.78","0","1.08","end"
"102.00","car6","0.00","-E0","-E7_0","-E0_0","-E0_0","0.00","411.58","500.00","0.00","14.37","14.14","0.00","0.00","109.00","109.00","1300.00","0","1.05",""
"102.00","car4","5.00","E12","E0_0","E12_0","","0.00","121.53","-1.00","0.00","2.62","-1.00","5.00","0.00","115.00","-1.00","667.12","0","1.03","end"
"102.00","car3","0.00","E12","E0_0","E12_0","","0.00","138.61","-1.00","0.00","2.70","-1.00","0.00","3.00","120.00","-1.00","685.78","0","1.08","end"
"103.00","car6","0.00","-E0","-E7_0","-E0_0","-E0_0","0.00","425.88","500.00","0.00","14.31","14.14","0.00","0.00","109.00","109.00","1300.00","0","1.05",""
"103.00","car4","5.00","E12","E0_0","E12_0","","0.00","124.25","-1.00","0.00","2.71","-1.00","5.00","0.00","115.00","-1.00","667.12","0","1.03","end"
"103.00","car3","0.00","E12","E0_0","E12_0","","0.00","141.37","-1.00","0.00","2.76","-1.00","0.00","3.00","120.00","-1.00","685.78","0","1.08","end"
"104.00","car6","0.00","-E0","-E7_0","-E0_0","-E0_0","0.00","440.32","500.00","0.00","14.43","14.14","0.00","0.00","109.00","109.00","1300.00","0","1.05",""
"104.00","car4","5.00","E12","E0_0","E12_0","","0.00","126.97","-1.00","0.00","2.72","-1.00","5.00","0.00","115.00","-1.00","667.12","0","1.03","end"
"104.00","car3","0.00","E12","E0_0","E12_0","","0.00","144.09","-1.00","0.00","2.72","-1.00","0.00","3.00","120.00","-1.00","685.78","0","1.08","end"
"105.00","car6","0.00","-E0","-E7_0","-E0_0","-E0_0","0.00","454.83","500.00","0.00","14.51","14.14","0.00","0.00","109.00","109.00","1300.00","0","1.05",""
"105.00","car4","5.00","E12","E0_0","E12_0","","0.00","129.77","-1.00","0.00","2.80","-1.00","5.00","0.00","115.00","-1.00","667.12","0","1.03","end"
"105.00","car3","0.00","E12","E0_0","E12_0","","0.00","146.92","-1.00","0.00","2.83","-1.00","0.00","3.00","120.00","-1.00","685.78","0","1.08","end"
"106.00","car6","0.00","-E0","-E7_0","-E0_0","-E0_0","0.00","469.23","500.00","0.00","14.41","14.14","0.00","0.00","109.00","109.00","1300.00","0","1.05",""
"106.00","car4","5.00","E12","E0_0","E12_0","","0.00","132.61","-1.00","0.00","2.84","-1.00","5.00","0.00","115.00","-1.00","667.12","0","1.03","end"
"106.00","car3","0.00","E12","E0_0","E12_0","","0.00","149.60","-1.00","0.00","2.68","-1.00","0.00","3.00","120.00","-1.00","685.78","0","1.08","end"
"107.00","car6","0.00","-E0","-E7_0","-E0_0","-E0_0","0.00","483.45","500.00","0.00","14.22","14.14","0.00","0.00","109.00","109.00","1300.00","0","1.05",""
"107.00","car4","5.00","E12","E0_0","E12_0","","0.00","135.09","-1.00","0.00","2.48","-1.00","5.00","0.00","115.00","-1.00","667.12","0","1.03","end"
"107.00","car3","0.00","E12","E0_0","E12_0","","0.00","152.60","-1.00","0.00","3.00","-1.00","0.00","3.00","120.00","-1.00","685.78","0","1.08","end"
"108.00","car6","0.00","-E0","-E7_0","-E0_0","-E0_0","0.00","497.92","500.00","0.00","14.46","14.14","0.00","0.00","109.00","109.00","1300.00","0","1.05",""
"108.00","car4","5.00","E12","E0_0","E12_0","","0.00","137.79","-1.00","0.00","2.70","-1.00","5.00","0.00","115.00","-1.00","667.12","0","1.03","end"
"108.00","car3","0.00","E12","E0_0","E12_0","","0.00","155.48","-1.00","0.00","2.87","-1.00","0.00","3.00","120.00","-1.00","685.78","0","1.08","end"
"109.00","car4","5.00","E12","E0_0","E12_0","","0.00","140.38","-1.00","0.00","2.58","-1.00","5.00","0.00","115.00","-1.00","667.12","0","1.03","end"
"109.00","car3","0.00","E12","E0_0","E12_0","","0.00","158.23","-1.00","0.00","2.75","-1.00","0.00","3.00","120.00","-1.00","685.78","0","1.08","end"
"110.00","car4","5.00","E12","E0_0","E12_0","","0.00","143.00","-1.00","0.00","2.62","-1.00","5.00","0.00","115.00","-1.00","667.12","0","1.03","end"
"110.00","car3","0.00","E12","E0_0","E12_0","","0.00","161.17","-1.00","0.00","2.94","-1.00","0.00","3.00","120.00","-1.00","685.78","0","1.08","end"
"111.00","car4","5.00","E12","E0_0","E12_0","","0.00","145.51","-1.00","0.00","2.51","-1.00","5.00","0.00","115.00","-1.00","667.12","0","1.03","end"
"111.00","car3","0.00","E12","E0_0","E12_0","","0.00","163.82","-1.00","0.00","2.65","-1.00","0.00","3.00","120.00","-1.00","685.78","0","1.08","end"
"112.00","car4","5.00","E12","E0_0","E12_0","","0.00","148.35","-1.00","0.00","2.84","-1.00","5.00","0.00","115.00","-1.00","667.12","0","1.03","end"
"112.00","car3","0.00","E12","E0_0","E12_0","","0.00","166.52","-1.00","0.00","2.70","-1.00","0.00","3.00","120.00","-1.00","685.78","0","1.08","end"
"113.00","car4","5.00","E12","E0_0","E12_0","","0.00","151.08","-1.00","0.00","2.73","-1.00","5.00","0.00","115.00","-1.00","667.12","0","1.03","end"
"113.00","car3","0.00","E12","E0_0","E12_0","","0.00","169.52","-1.00","0.00","3.00","-1.00","0.00","3.00","120.00","-1.00","685.78","0","1.08","end"
"114.00","car4","5.00","E12","E0_0","E12_0","","0.00","153.55","-1.00","0.00","2.47","-1.00","5.00","0.00","115.00","-1.00","667.12","0","1.03","end"
"114.00","car3","0.00","E12","E0_0","E12_0","","0.00","172.15","-1.00","0.00","2.63","-1.00","0.00","3.00","120.00","-1.00","685.78","0","1.08","end"
"115.00","car4","5.00","E12","E0_0","E12_0","","0.00","156.29","-1.00","0.00","2.74","-1.00","5.00","0.00","115.00","-1.00","667.12","0","1.03","end"
"115.00","car3","0.00","E12","E0_0","E12_0","","0.00","174.77","-1.00","0.00","2.62","-1.00","0.00","3.00","120.00","-1.00","685.78","0","1.08","end"
"116.00","car4","5.00","E12","E0_0","E12_0","","0.00","158.82","-1.00","0.00","2.52","-1.00","5.00","0.00","115.00","-1.00","667.12","0","1.03","end"
"116.00","car3","0.00","E12","E0_0","E12_0","","0.00","177.48","-1.00","0.00","2.71","-1.00","0.00","3.00","120.00","-1.00","685.78","0","1.08","end"
"117.00","car4","5.00","E12","E0_0","E12_0","","0.00","161.66","-1.00","0.00","2.84","-1.00","5.00","0.00","115.00","-1.00","667.12","0","1.03","end"
"117.00","car3","0.00","E12","E0_0","E12_0","","0.00","180.25","-1.00","0.00","2.77","-1.00","0.00","3.00","120.00","-1.00","685.78","0","1.08","end"
"118.00","car4","5.00","E12","E0_0","E12_0","","0.00","164.29","-1.00","0.00","2.63","-1.00","5.00","0.00","115.00","-1.00","667.12","0","1.03","end"
"118.00","car3","0.00","E12","E0_0","E12_0","","0.00","183.10","-1.00","0.00","2.85","-1.00","0.00","3.00","120.00","-1.00","685.78","0","1.08","end"
"119.00","car4","5.00","E12","E0_0","E12_0","","0.00","167.12","-1.00","0.00","2.83","-1.00","5.00","0.00","115.00","-1.00","667.12","0","1.03","end"
"119.00","car3","0.00","E12","E0_0","E12_0","","0.00","185.78","-1.00","0.00","2.68","-1.00","0.00","3.00","120.00","-1.00","685.78","0","1.08","end"
