"time","carID","depart","edgeID","departLane","laneID","arrivalLane","departPos","pos","arrivalPos","departSpeed","speed","arrivalSpeed","departDelay","waitingTime","duration","arrival","routeLength","rerouteNo","speedFactor","vaporized","HasRun","onRouteAtStart"
"0.00","car9","0.00","-E0","-E0_0","-E0_0","-E0_0","11.86","11.86","500.00","4.13","4.13","11.58","0.00","0.00","46.00","46.00","488.14","0","0.86","","6","route1"
"0.00","car3","0.00","-E0","-E0_0","-E0_0","-E0_0","482.99","482.99","500.00","14.65","14.65","15.02","0.00","0.00","2.00","2.00","17.01","0","1.08","","6","route1"
"0.00","car1","0.00","-E7","-E7_0","-E7_0","","0.00","0.00","-1.00","0.00","0.00","-1.00","0.00","0.00","101.00","-1.00","617.31","0","0.94","end","6","route1"
"0.00","car7","0.00","E0","E0_0","E0_0","","0.00","0.00","-1.00","0.00","0.00","-1.00","0.00","0.00","101.00","-1.00","608.37","0","0.89","end","6","route0"
"0.00","car0","0.00","E12","E12_0","E12_0","E7_0","146.59","146.59","300.00","2.66","2.66","14.51","0.00","0.00","98.00","98.00","653.41","0","1.06","","6","route0"
"0.00","car5","0.00","E12","E12_0","E12_0","E7_0","287.39","287.39","300.00","2.27","2.27","11.34","0.00","0.00","56.00","56.00","512.61","0","0.83","","6","route0"
"0.00","car8","0.00","E4","E4_0","E4_0","E7_0","7.90","7.90","300.00","3.71","3.71","12.74","0.00","0.00","44.00","44.00","492.10","0","0.94","","6","route0"
"0.00","car6","0.00","E4","E4_0","E4_0","E7_0","187.39","187.39","300.00","14.15","14.15","14.37","0.00","0.00","22.00","22.00","312.61","0","1.05","","6","route0"
"0.00","car4","0.00","E7","E7_0","E7_0","E7_0","164.20","164.20","300.00","14.21","14.21","14.08","0.00","0.00","10.00","10.00","135.80","0","1.03","","6","route0"
"0.00","car2","0.00","E7","E7_0","E7_0","E7_0","213.75","213.75","300.00","13.80","13.80","13.76","0.00","0.00","7.00","7.00","86.25","0","1.01","","6","route0"
"1.00","car9","0.00","-E0","-E0_0","-E0_0","-E0_0","11.86","16.51","500.00","4.13","4.65","11.58","0.00","0.00","46.00","46.00","488.14","0","0.86","","6","route1"
"1.00","car3","0.00","-E0","-E0_0","-E0_0","-E0_0","482.99","497.67","500.00","14.65","14.68","15.02","0.00","0.00","2.00","2.00","17.01","0","1.08","","6","route1"
"1.00","car1","0.00","-E7","-E7_0","-E7_0","","0.00","0.77","-1.00","0.00","0.77","-1.00","0.00","0.00","101.00","-1.00","617.31","0","0.94","end","6","route1"
"1.00","car7","0.00","E0","E0_0","E0_0","","0.00","0.78","-1.00","0.00","0.78","-1.00","0.00","0.00","101.00","-1.00","608.37","0","0.89","end","6","route0"
"1.00","car0","0.00","E12","E12_0","E12_0","E7_0","146.59","149.15","300.00","2.66","2.56","14.51","0.00","0.00","98.00","98.00","653.41","0","1.06","","6","route0"
"1.00","car5","0.00","E12","E12_0","E12_0","E7_0","287.39","289.64","300.00","2.27","2.25","11.34","0.00","0.00","56.00","56.00","512.61","0","0.83","","6","route0"
"1.00","car8","0.00","E4","E4_0","E4_0","E7_0","7.90","12.18","300.00","3.71","4.28","12.74","0.00","0.00","44.00","44.00","492.10","0","0.94","","6","route0"
"1.00","car6","0.00","E7","E4_0","E7_0","E7_0","187.39","1.81","300.00","14.15","14.42","14.37","0.00","0.00","22.00","22.00","312.61","0","1.05","","6","route0"
"1.00","car4","0.00","E7","E7_0","E7_0","E7_0","164.20","178.36","300.00","14.21","14.16","14.08","0.00","0.00","10.00","10.00","135.80","0","1.03","","6","route0"
"1.00","car2","0.00","E7","E7_0","E7_0","E7_0","213.75","227.53","300.00","13.80","13.78","13.76","0.00","0.00","7.00","7.00","86.25","0","1.01","","6","route0"
"2.00","car9","0.00","-E0","-E0_0","-E0_0","-E0_0","11.86","21.75","500.00","4.13","5.25","11.58","0.00","0.00","46.00","46.00","488.14","0","0.86","","6","route1"
"2.00","car1","0.00","-E7","-E7_0","-E7_0","","0.00","2.19","-1.00","0.00","1.42","-1.00","0.00","0.00","101.00","-1.00","617.31","0","0.94","end","6","route1"
"2.00","car7","0.00","E0","E0_0","E0_0","","0.00","2.05","-1.00","0.00","1.28","-1.00","0.00","0.00","101.00","-1.00","608.37","0","0.89","end","6","route0"
"2.00","car0","0.00","E12","E12_0","E12_0","E7_0","146.59","151.94","300.00","2.66","2.79","14.51","0.00","0.00","98.00","98.00","653.41","0","1.06","","6","route0"
"2.00","car5","0.00","E12","E12_0","E12_0","E7_0","287.39","291.70","300.00","2.27","2.06","11.34","0.00","0.00","56.00","56.00","512.61","0","0.83","","6","route0"
"2.00","car8","0.00","E4","E4_0","E4_0","E7_0","7.90","17.07","300.00","3.71","4.88","12.74","0.00","0.00","44.00","44.00","492.10","0","0.94","","6","route0"
"2.00","car6","0.00","E7","E4_0","E7_0","E7_0","187.39","15.98","300.00","14.15","14.17","14.37","0.00","0.00","22.00","22.00","312.61","0","1.05","","6","route0"
"2.00","car4","0.00","E7","E7_0","E7_0","E7_0","164.20","192.58","300.00","14.21","14.22","14.08","0.00","0.00","10.00","10.00","135.80","0","1.03","","6","route0"
"2.00","car2","0.00","E7","E7_0","E7_0","E7_0","213.75","241.21","300.00","13.80","13.67","13.76","0.00","0.00","7.00","7.00","86.25","0","1.01","","6","route0"
"3.00","car9","0.00","-E0","-E0_0","-E0_0","-E0_0","11.86","27.57","500.00","4.13","5.81","11.58","0.00","0.00","46.00","46.00","488.14","0","0.86","","6","route1"
"3.00","car1","0.00","-E7","-E7_0","-E7_0","","0.00","4.03","-1.00","0.00","1.83","-1.00","0.00","0.00","101.00","-1.00","617.31","0","0.94","end","6","route1"
"3.00","car7","0.00","E0","E0_0","E0_0","","0.00","3.81","-1.00","0.00","1.75","-1.00","0.00","0.00","101.00","-1.00","608.37","0","0.89","end","6","route0"
"3.00","car0","0.00","E12","E12_0","E12_0","E7_0","146.59","154.87","300.00","2.66","2.93","14.51","0.00","0.00","98.00","98.00","653.41","0","1.06","","6","route0"
"3.00","car5","0.00","E12","E12_0","E12_0","E7_0","287.39","293.67","300.00","2.27","1.98","11.34","0.00","0.00","56.00","56.00","512.61","0","0.83","","6","route0"
"3.00","car8","0.00","E4","E4_0","E4_0","E7_0","7.90","22.75","300.00","3.71","5.68","12.74","0.00","0.00","44.00","44.00","492.10","0","0.94","","6","route0"
"3.00","car6","0.00","E7","E4_0","E7_0","E7_0","187.39","30.35","300.00","14.15","14.37","14.37","0.00","0.00","22.00","22.00","312.61","0","1.05","","6","route0"
"3.00","car4","0.00","E7","E7_0","E7_0","E7_0","164.20","206.85","300.00","14.21","14.28","14.08","0.00","0.00","10.00","10.00","135.80","0","1.03","","6","route0"
"3.00","car2","0.00","E7","E7_0","E7_0","E7_0","213.75","255.06","300.00","13.80","13.85","13.76","0.00","0.00","7.00","7.00","86.25","0","1.01","","6","route0"
"4.00","car9","0.00","-E0","-E0_0","-E0_0","-E0_0","11.86","34.16","500.00","4.13","6.59","11.58","0.00","0.00","46.00","46.00","488.14","0","0.86","","6","route1"
"4.00","car1","0.00","-E7","-E7_0","-E7_0","","0.00","6.36","-1.00","0.00","2.34","-1.00","0.00","0.00","101.00","-1.00","617.31","0","0.94","end","6","route1"
"4.00","car7","0.00","E0","E0_0","E0_0","","0.00","6.34","-1.00","0.00","2.53","-1.00","0.00","0.00","101.00","-1.00","608.37","0","0.89","end","6","route0"
"4.00","car0","0.00","E12","E12_0","E12_0","E7_0","146.59","157.78","300.00","2.66","2.90","14.51","0.00","0.00","98.00","98.00","653.41","0","1.06","","6","route0"
"4.00","car5","0.00","E12","E12_0","E12_0","E7_0","287.39","295.58","300.00","2.27","1.91","11.34","0.00","0.00","56.00","56.00","512.61","0","0.83","","6","route0"
"4.00","car8","0.00","E4","E4_0","E4_0","E7_0","7.90","28.90","300.00","3.71","6.16","12.74","0.00","0.00","44.00","44.00","492.10","0","0.94","","6","route0"
"4.00","car6","0.00","E7","E4_0","E7_0","E7_0","187.39","44.68","300.00","14.15","14.33","14.37","0.00","0.00","22.00","22.00","312.61","0","1.05","","6","route0"
"4.00","car4","0.00","E7","E7_0","E7_0","E7_0","164.20","221.16","300.00","14.21","14.31","14.08","0.00","0.00","10.00","10.00","135.80","0","1.03","","6","route0"
"4.00","car2","0.00","E7","E7_0","E7_0","E7_0","213.75","268.77","300.00","13.80","13.71","13.76","0.00","0.00","7.00","7.00","86.25","0","1.01","","6","route0"
"5.00","car9","0.00","-E0","-E0_0","-E0_0","-E0_0","11.86","41.26","500.00","4.13","7.10","11.58","0.00","0.00","46.00","46.00","488.14","0","0.86","","6","route1"
"5.00","car1","0.00","-E7","-E7_0","-E7_0","","0.00","9.12","-1.00","0.00","2.76","-1.00","0.00","0.00","101.00","-1.00","617.31","0","0.94","end","6","route1"
"5.00","car7","0.00","E0","E0_0","E0_0","","0.00","9.37","-1.00","0.00","3.03","-1.00","0.00","0.00","101.00","-1.00","608.37","0","0.89","end","6","route0"
"5.00","car0","0.00","E12","E12_0","E12_0","E7_0","146.59","160.45","300.00","2.66","2.68","14.51","0.00","0.00","98.00","98.00","653.41","0","1.06","","6","route0"
"5.00","car5","0.00","E12","E12_0","E12_0","E7_0","287.39","297.89","300.00","2.27","2.31","11.34","0.00","0.00","56.00","56.00","512.61","0","0.83","","6","route0"
"5.00","car8","0.00","E4","E4_0","E4_0","E7_0","7.90","35.49","300.00","3.71","6.59","12.74","0.00","0.00","44.00","44.00","492.10","0","0.94","","6","route0"
"5.00","car6","0.00","E7","E4_0","E7_0","E7_0","187.39","59.18","300.00","14.15","14.50","14.37","0.00","0.00","22.00","22.00","312.61","0","1.05","","6","route0"
"5.00","car4","0.00","E7","E7_0","E7_0","E7_0","164.20","235.24","300.00","14.21","14.08","14.08","0.00","0.00","10.00","10.00","135.80","0","1.03","","6","route0"
"5.00","car2","0.00","E7","E7_0","E7_0","E7_0","213.75","282.61","300.00","13.80","13.84","13.76","0.00","0.00","7.00","7.00","86.25","0","1.01","","6","route0"
"6.00","car9","0.00","-E0","-E0_0","-E0_0","-E0_0","11.86","49.06","500.00","4.13","7.80","11.58","0.00","0.00","46.00","46.00","488.14","0","0.86","","6","route1"
"6.00","car1","0.00","-E7","-E7_0","-E7_0","","0.00","12.52","-1.00","0.00","3.40","-1.00","0.00","0.00","101.00","-1.00","617.31","0","0.94","end","6","route1"
"6.00","car7","0.00","E0","E0_0","E0_0","","0.00","12.97","-1.00","0.00","3.61","-1.00","0.00","0.00","101.00","-1.00","608.37","0","0.89","end","6","route0"
"6.00","car0","0.00","E12","E12_0","E12_0","E7_0","146.59","163.22","300.00","2.66","2.76","14.51","0.00","0.00","98.00","98.00","653.41","0","1.06","","6","route0"
"6.00","car5","0.00","E4","E12_0","E4_0","E7_0","287.39","0.10","300.00","2.27","2.21","11.34","0.00","0.00","56.00","56.00","512.61","0","0.83","","6","route0"
"6.00","car8","0.00","E4","E4_0","E4_0","E7_0","7.90","42.51","300.00","3.71","7.02","12.74","0.00","0.00","44.00","44.00","492.10","0","0.94","","6","route0"
"6.00","car6","0.00","E7","E4_0","E7_0","E7_0","187.39","73.52","300.00","14.15","14.35","14.37","0.00","0.00","22.00","22.00","312.61","0","1.05","","6","route0"
"6.00","car4","0.00","E7","E7_0","E7_0","E7_0","164.20","249.20","300.00","14.21","13.96","14.08","0.00","0.00","10.00","10.00","135.80","0","1.03","","6","route0"
"6.00","car2","0.00","E7","E7_0","E7_0","E7_0","213.75","296.51","300.00","13.80","13.90","13.76","0.00","0.00","7.00","7.00","86.25","0","1.01","","6","route0"
"7.00","car9","0.00","-E0","-E0_0","-E0_0","-E0_0","11.86","57.44","500.00","4.13","8.38","11.58","0.00","0.00","46.00","46.00","488.14","0","0.86","","6","route1"
"7.00","car1","0.00","-E7","-E7_0","-E7_0","","0.00","16.58","-1.00","0.00","4.06","-1.00","0.00","0.00","101.00","-1.00","617.31","0","0.94","end","6","route1"
"7.00","car7","0.00","E0","E0_0","E0_0","","0.00","17.15","-1.00","0.00","4.18","-1.00","0.00","0.00","101.00","-1.00","608.37","0","0.89","end","6","route0"
"7.00","car0","0.00","E12","E12_0","E12_0","E7_0","146.59","165.81","300.00","2.66","2.59","14.51","0.00","0.00","98.00","98.00","653.41","0","1.06","","6","route0"
"7.00","car5","0.00","E4","E12_0","E4_0","E7_0","287.39","2.97","300.00","2.27","2.87","11.34","0.00","0.00","56.00","56.00","512.61","0","0.83","","6","route0"
"7.00","car8","0.00","E4","E4_0","E4_0","E7_0","7.90","50.18","300.00","3.71","7.67","12.74","0.00","0.00","44.00","44.00","492.10","0","0.94","","6","route0"
"7.00","car6","0.00","E7","E4_0","E7_0","E7_0","187.39","87.94","300.00","14.15","14.42","14.37","0.00","0.00","22.00","22.00","312.61","0","1.05","","6","route0"
"7.00","car4","0.00","E7","E7_0","E7_0","E7_0","164.20","263.25","300.00","14.21","14.04","14.08","0.00","0.00","10.00","10.00","135.80","0","1.03","","6","route0"
"8.00","car9","0.00","-E0","-E0_0","-E0_0","-E0_0","11.86","66.32","500.00","4.13","8.88","11.58","0.00","0.00","46.00","46.00","488.14","0","0.86","","6","route1"
"8.00","car1","0.00","-E7","-E7_0","-E7_0","","0.00","21.06","-1.00","0.00","4.47","-1.00","0.00","0.00","101.00","-1.00","617.31","0","0.94","end","6","route1"
"8.00","car7","0.00","E0","E0_0","E0_0","","0.00","22.11","-1.00","0.00","4.96","-1.00","0.00","0.00","101.00","-1.00","608.37","0","0.89","end","6","route0"
"8.00","car0","0.00","E12","E12_0","E12_0","E7_0","146.59","168.74","300.00","2.66","2.94","14.51","0.00","0.00","98.00","98.00","653.41","0","1.06","","6","route0"
"8.00","car5","0.00","E4","E12_0","E4_0","E7_0","287.39","6.24","300.00","2.27","3.27","11.34","0.00","0.00","56.00","56.00","512.61","0","0.83","","6","route0"
"8.00","car8","0.00","E4","E4_0","E4_0","E7_0","7.90","58.36","300.00","3.71","8.18","12.74","0.00","0.00","44.00","44.00","492.10","0","0.94","","6","route0"
"8.00","car6","0.00","E7","E4_0","E7_0","E7_0","187.39","102.40","300.00","14.15","14.46","14.37","0.00","0.00","22.00","22.00","312.61","0","1.05","","6","route0"
"8.00","car4","0.00","E7","E7_0","E7_0","E7_0","164.20","277.50","300.00","14.21","14.26","14.08","0.00","0.00","10.00","10.00","135.80","0","1.03","","6","route0"
"9.00","car9","0.00","-E0","-E0_0","-E0_0","-E0_0","11.86","76.00","500.00","4.13","9.68","11.58","0.00","0.00","46.00","46.00","488.14","0","0.86","","6","route1"
"9.00","car1","0.00","-E7","-E7_0","-E7_0","","0.00","26.07","-1.00","0.00","5.01","-1.00","0.00","0.00","101.00","-1.00","617.31","0","0.94","end","6","route1"
"9.00","car7","0.00","E0","E0_0","E0_0","","0.00","27.80","-1.00","0.00","5.69","-1.00","0.00","0.00","101.00","-1.00","608.37","0","0.89","end","6","route0"
"9.00","car0","0.00","E12","E12_0","E12_0","E7_0","146.59","171.50","300.00","2.66","2.76","14.51","0.00","0.00","98.00","98.00","653.41","0","1.06","","6","route0"
"9.00","car5","0.00","E4","E12_0","E4_0","E7_0","287.39","10.12","300.00","2.27","3.88","11.34","0.00","0.00","56.00","56.00","512.61","0","0.83","","6","route0"
"9.00","car8","0.00","E4","E4_0","E4_0","E7_0","7.90","67.26","300.00","3.71","8.91","12.74","0.00","0.00","44.00","44.00","492.10","0","0.94","","6","route0"
"9.00","car6","0.00","E7","E4_0","E7_0","E7_0","187.39","116.65","300.00","14.15","14.25","14.37","0.00","0.00","22.00","22.00","312.61","0","1.05","","6","route0"
"9.00","car4","0.00","E7","E7_0","E7_0","E7_0","164.20","291.67","300.00","14.21","14.16","14.08","0.00","0.00","10.00","10.00","135.80","0","1.03","","6","route0"
"10.00","car9","0.00","-E0","-E0_0","-E0_0","-E0_0","11.86","86.21","500.00","4.13","10.21","11.58","0.00","0.00","46.00","46.00","488.14","0","0.86","","6","route1"
"10.00","car1","0.00","-E7","-E7_0","-E7_0","","0.00","31.73","-1.00","0.00","5.67","-1.00","0.00","0.00","101.00","-1.00","617.31","0","0.94","end","6","route1"
"10.00","car7","0.00","E0","E0_0","E0_0","","0.00","34.03","-1.00","0.00","6.23","-1.00","0.00","0.00","101.00","-1.00","608.37","0","0.89","end","6","route0"
"10.00","car0","0.00","E12","E12_0","E12_0","E7_0","146.59","174.25","300.00","2.66","2.75","14.51","0.00","0.00","98.00","98.00","653.41","0","1.06","","6","route0"
"10.00","car5","0.00","E4","E12_0","E4_0","E7_0","287.39","14.54","300.00","2.27","4.42","11.34","0.00","0.00","56.00","56.00","512.61","0","0.83","","6","route0"
"10.00","car8","0.00","E4","E4_0","E4_0","E7_0","7.90","76.90","300.00","3.71","9.64","12.74","0.00","0.00","44.00","44.00","492.10","0","0.94","","6","route0"
"10.00","car6","0.00","E7","E4_0","E7_0","E7_0","187.39","131.08","300.00","14.15","14.43","14.37","0.00","0.00","22.00","22.00","312.61","0","1.05","","6","route0"
"11.00","car9","0.00","-E0","-E0_0","-E0_0","-E0_0","11.86","97.04","500.00","4.13","10.82","11.58","0.00","0.00","46.00","46.00","488.14","0","0.86","","6","route1"
"11.00","car1","0.00","-E7","-E7_0","-E7_0","","0.00","37.81","-1.00","0.00","6.07","-1.00","0.00","0.00","101.00","-1.00","617.31","0","0.94","end","6","route1"
"11.00","car7","0.00","E0","E0_0","E0_0","","0.00","40.93","-1.00","0.00","6.90","-1.00","0.00","0.00","101.00","-1.00","608.37","0","0.89","end","6","route0"
"11.00","car0","0.00","E12","E12_0","E12_0","E7_0","146.59","177.18","300.00","2.66","2.93","14.51","0.00","0.00","98.00","98.00","653.41","0","1.06","","6","route0"
"11.00","car5","0.00","E4","E12_0","E4_0","E7_0","287.39","19.66","300.00","2.27","5.12","11.34","0.00","0.00","56.00","56.00","512.61","0","0.83","","6","route0"
"11.00","car8","0.00","E4","E4_0","E4_0","E7_0","7.90","87.28","300.00","3.71","10.38","12.74","0.00","0.00","44.00","44.00","492.10","0","0.94","","6","route0"
"11.00","car6","0.00","E7","E4_0","E7_0","E7_0","187.39","145.28","300.00","14.15","14.19","14.37","0.00","0.00","22.00","22.00","312.61","0","1.05","","6","route0"
"12.00","car9","0.00","-E0","-E0_0","-E0_0","-E0_0","11.86","108.48","500.00","4.13","11.44","11.58","0.00","0.00","46.00","46.00","488.14","0","0.86","","6","route1"
"12.00","car1","0.00","-E7","-E7_0","-E7_0","","0.00","44.36","-1.00","0.00","6.55","-1.00","0.00","0.00","101.00","-1.00","617.31","0","0.94","end","6","route1"
"12.00","car7","0.00","E0","E0_0","E0_0","","0.00","48.36","-1.00","0.00","7.43","-1.00","0.00","0.00","101.00","-1.00","608.37","0","0.89","end","6","route0"
"12.00","car0","0.00","E12","E12_0","E12_0","E7_0","146.59","179.78","300.00","2.66","2.60","14.51","0.00","0.00","98.00","98.00","653.41","0","1.06","","6","route0"
"12.00","car5","0.00","E4","E12_0","E4_0","E7_0","287.39","25.51","300.00","2.27","5.84","11.34","0.00","0.00","56.00","56.00","512.61","0","0.83","","6","route0"
"12.00","car8","0.00","E4","E4_0","E4_0","E7_0","7.90","98.10","300.00","3.71","10.82","12.74","0.00","0.00","44.00","44.00","492.10","0","0.94","","6","route0"
"12.00","car6","0.00","E7","E4_0","E7_0","E7_0","187.39","159.57","300.00","14.15","14.29","14.37","0.00","0.00","22.00","22.00","312.61","0","1.05","","6","route0"
"13.00","car9","0.00","-E0","-E0_0","-E0_0","-E0_0","11.86","120.16","500.00","4.13","11.68","11.58","0.00","0.00","46.00","46.00","488.14","0","0.86","","6","route1"
"13.00","car1","0.00","-E7","-E7_0","-E7_0","","0.00","51.35","-1.00","0.00","6.99","-1.00","0.00","0.00","101.00","-1.00","617.31","0","0.94","end","6","route1"
"13.00","car7","0.00","E0","E0_0","E0_0","","0.00","56.37","-1.00","0.00","8.01","-1.00","0.00","0.00","101.00","-1.00","608.37","0","0.89","end","6","route0"
"13.00","car0","0.00","E12","E12_0","E12_0","E7_0","146.59","182.70","300.00","2.66","2.92","14.51","0.00","0.00","98.00","98.00","653.41","0","1.06","","6","route0"
"13.00","car5","0.00","E4","E12_0","E4_0","E7_0","287.39","32.10","300.00","2.27","6.59","11.34","0.00","0.00","56.00","56.00","512.61","0","0.83","","6","route0"
"13.00","car8","0.00","E4","E4_0","E4_0","E7_0","7.90","109.44","300.00","3.71","11.34","12.74","0.00","0.00","44.00","44.00","492.10","0","0.94","","6","route0"
"13.00","car6","0.00","E7","E4_0","E7_0","E7_0","187.39","173.96","300.00","14.15","14.38","14.37","0.00","0.00","22.00","22.00","312.61","0","1.05","","6","route0"
"14.00","car9","0.00","-E0","-E0_0","-E0_0","-E0_0","11.86","131.95","500.00","4.13","11.80","11.58","0.00","0.00","46.00","46.00","488.14","0","0.86","","6","route1"
"14.00","car1","0.00","-E7","-E7_0","-E7_0","","0.00","58.89","-1.00","0.00","7.54","-1.00","0.00","0.00","101.00","-1.00","617.31","0","0.94","end","6","route1"
"14.00","car7","0.00","E0","E0_0","E0_0","","0.00","64.86","-1.00","0.00","8.49","-1.00","0.00","0.00","101.00","-1.00","608.37","0","0.89","end","6","route0"
"14.00","car0","0.00","E12","E12_0","E12_0","E7_0","146.59","185.47","300.00","2.66","2.76","14.51","0.00","0.00","98.00","98.00","653.41","0","1.06","","6","route0"
"14.00","car5","0.00","E4","E12_0","E4_0","E7_0","287.39","39.46","300.00","2.27","7.37","11.34","0.00","0.00","56.00","56.00","512.61","0","0.83","","6","route0"
"14.00","car8","0.00","E4","E4_0","E4_0","E7_0","7.90","121.23","300.00","3.71","11.79","12.74","0.00","0.00","44.00","44.00","492.10","0","0.94","","6","route0"
"14.00","car6","0.00","E7","E4_0","E7_0","E7_0","187.39","188.23","300.00","14.15","14.28","14.37","0.00","0.00","22.00","22.00","312.61","0","1.05","","6","route0"
"15.00","car9","0.00","-E0","-E0_0","-E0_0","-E0_0","11.86","143.83","500.00","4.13","11.88","11.58","0.00","0.00","46.00","46.00","488.14","0","0.86","","6","route1"
"15.00","car1","0.00","-E7","-E7_0","-E7_0","","0.00","67.03","-1.00","0.00","8.15","-1.00","0.00","0.00","101.00","-1.00","617.31","0","0.94","end","6","route1"
"15.00","car7","0.00","E0","E0_0","E0_0","","0.00","73.98","-1.00","0.00","9.12","-1.00","0.00","0.00","101.00","-1.00","608.37","0","0.89","end","6","route0"
"15.00","car0","0.00","E12","E12_0","E12_0","E7_0","146.59","188.31","300.00","2.66","2.85","14.51","0.00","0.00","98.00","98.00","653.41","0","1.06","","6","route0"
"15.00","car5","0.00","E4","E12_0","E4_0","E7_0","287.39","47.55","300.00","2.27","8.08","11.34","0.00","0.00","56.00","56.00","512.61","0","0.83","","6","route0"
"15.00","car8","0.00","E4","E4_0","E4_0","E7_0","7.90","133.68","300.00","3.71","12.45","12.74","0.00","0.00","44.00","44.00","492.10","0","0.94","","6","route0"
"15.00","car6","0.00","E7","E4_0","E7_0","E7_0","187.39","202.74","300.00","14.15","14.51","14.37","0.00","0.00","22.00","22.00","312.61","0","1.05","","6","route0"
"16.00","car9","0.00","-E0","-E0_0","-E0_0","-E0_0","11.86","155.38","500.00","4.13","11.55","11.58","0.00","0.00","46.00","46.00","488.14","0","0.86","","6","route1"
"16.00","car1","0.00","-E7","-E7_0","-E7_0","","0.00","75.97","-1.00","0.00","8.94","-1.00","0.00","0.00","101.00","-1.00","617.31","0","0.94","end","6","route1"
"16.00","car7","0.00","E0","E0_0","E0_0","","0.00","83.64","-1.00","0.00","9.66","-1.00","0.00","0.00","101.00","-1.00","608.37","0","0.89","end","6","route0"
"16.00","car0","0.00","E12","E12_0","E12_0","E7_0","146.59","191.21","300.00","2.66","2.90","14.51","0.00","0.00","98.00","98.00","653.41","0","1.06","","6","route0"
"16.00","car5","0.00","E4","E12_0","E4_0","E7_0","287.39","56.27","300.00","2.27","8.72","11.34","0.00","0.00","56.00","56.00","512.61","0","0.83","","6","route0"
"16.00","car8","0.00","E4","E4_0","E4_0","E7_0","7.90","146.69","300.00","3.71","13.02","12.74","0.00","0.00","44.00","44.00","492.10","0","0.94","","6","route0"
"16.00","car6","0.00","E7","E4_0","E7_0","E7_0","187.39","216.89","300.00","14.15","14.15","14.37","0.00","0.00","22.00","22.00","312.61","0","1.05","","6","route0"
"17.00","car9","0.00","-E0","-E0_0","-E0_0","-E0_0","11.86","167.16","500.00","4.13","11.77","11.58","0.00","0.00","46.00","46.00","488.14","0","0.86","","6","route1"
"17.00","car1","0.00","-E7","-E7_0","-E7_0","","0.00","85.46","-1.00","0.00","9.48","-1.00","0.00","0.00","101.00","-1.00","617.31","0","0.94","end","6","route1"
"17.00","car7","0.00","E0","E0_0","E0_1","","0.00","93.76","-1.00","0.00","10.12","-1.00","0.00","0.00","101.00","-1.00","608.37","0","0.89","end","6","route0"
"17.00","car0","0.00","E12","E12_0","E12_0","E7_0","146.59","194.10","300.00","2.66","2.89","14.51","0.00","0.00","98.00","98.00","653.41","0","1.06","","6","route0"
"17.00","car5","0.00","E4","E12_0","E4_0","E7_0","287.39","65.44","300.00","2.27","9.16","11.34","0.00","0.00","56.00","56.00","512.61","0","0.83","","6","route0"
"17.00","car8","0.00","E4","E4_0","E4_0","E7_0","7.90","159.39","300.00","3.71","12.70","12.74","0.00","0.00","44.00","44.00","492.10","0","0.94","","6","route0"
"17.00","car6","0.00","E7","E4_0","E7_0","E7_0","187.39","231.11","300.00","14.15","14.22","14.37","0.00","0.00","22.00","22.00","312.61","0","1.05","","6","route0"
"18.00","car9","0.00","-E0","-E0_0","-E0_0","-E0_0","11.86","178.78","500.00","4.13","11.63","11.58","0.00","0.00","46.00","46.00","488.14","0","0.86","","6","route1"
"18.00","car1","0.00","-E7","-E7_0","-E7_0","","0.00","95.61","-1.00","0.00","10.15","-1.00","0.00","0.00","101.00","-1.00","617.31","0","0.94","end","6","route1"
"18.00","car7","0.00","E0","E0_0","E0_1","","0.00","104.56","-1.00","0.00","10.80","-1.00","0.00","0.00","101.00","-1.00","608.37","0","0.89","end","6","route0"
"18.00","car0","0.00","E12","E12_0","E12_0","E7_0","146.59","196.88","300.00","2.66","2.78","14.51","0.00","0.00","98.00","98.00","653.41","0","1.06","","6","route0"
"18.00","car5","0.00","E4","E12_0","E4_0","E7_0","287.39","75.15","300.00","2.27","9.72","11.34","0.00","0.00","56.00","56.00","512.61","0","0.83","","6","route0"
"18.00","car8","0.00","E4","E4_0","E4_0","E7_0","7.90","172.38","300.00","3.71","12.99","12.74","0.00","0.00","44.00","44.00","492.10","0","0.94","","6","route0"
"18.00","car6","0.00","E7","E4_0","E7_0","E7_0","187.39","245.37","300.00","14.15","14.26","14.37","0.00","0.00","22.00","22.00","312.61","0","1.05","","6","route0"
"19.00","car9","0.00","-E0","-E0_0","-E0_0","-E0_0","11.86","190.67","500.00","4.13","11.88","11.58","0.00","0.00","46.00","46.00","488.14","0","0.86","","6","route1"
"19.00","car1","0.00","-E7","-E7_0","-E7_0","","0.00","106.31","-1.00","0.00","10.70","-1.00","0.00","0.00","101.00","-1.00","617.31","0","0.94","end","6","route1"
"19.00","car7","0.00","E0","E0_0","E0_1","","0.00","116.14","-1.00","0.00","11.58","-1.00","0.00","0.00","101.00","-1.00","608.37","0","0.89","end","6","route0"
"19.00","car0","0.00","E12","E12_0","E12_0","E7_0","146.59","199.50","300.00","2.66","2.62","14.51","0.00","0.00","98.00","98.00","653.41","0","1.06","","6","route0"
"19.00","car5","0.00","E4","E12_0","E4_0","E7_0","287.39","85.61","300.00","2.27","10.46","11.34","0.00","0.00","56.00","56.00","512.61","0","0.83","","6","route0"
"19.00","car8","0.00","E4","E4_0","E4_0","E7_0","7.90","185.15","300.00","3.71","12.77","12.74","0.00","0.00","44.00","44.00","492.10","0","0.94","","6","route0"
"19.00","car6","0.00","E7","E4_0","E7_0","E7_0","187.39","259.62","300.00","14.15","14.25","14.37","0.00","0.00","22.00","22.00","312.61","0","1.05","","6","route0"
"20.00","car9","0.00","-E0","-E0_0","-E0_0","-E0_0","11.86","202.37","500.00","4.13","11.70","11.58","0.00","0.00","46.00","46.00","488.14","0","0.86","","6","route1"
"20.00","car1","0.00","-E7","-E7_0","-E7_0","","0.00","117.63","-1.00","0.00","11.33","-1.00","0.00","0.00","101.00","-1.00","617.31","0","0.94","end","6","route1"
"20.00","car7","0.00","E0","E0_0","E0_1","","0.00","128.37","-1.00","0.00","12.23","-1.00","0.00","0.00","101.00","-1.00","608.37","0","0.89","end","6","route0"
"20.00","car0","0.00","E12","E12_0","E12_0","E7_0","146.59","202.25","300.00","2.66","2.75","14.51","0.00","0.00","98.00","98.00","653.41","0","1.06","","6","route0"
"20.00","car5","0.00","E4","E12_0","E4_0","E7_0","287.39","96.62","300.00","2.27","11.00","11.34","0.00","0.00","56.00","56.00","512.61","0","0.83","","6","route0"
"20.00","car8","0.00","E4","E4_0","E4_0","E7_0","7.90","197.91","300.00","3.71","12.76","12.74","0.00","0.00","44.00","44.00","492.10","0","0.94","","6","route0"
"20.00","car6","0.00","E7","E4_0","E7_0","E7_0","187.39","273.90","300.00","14.15","14.28","14.37","0.00","0.00","22.00","22.00","312.61","0","1.05","","6","route0"
"21.00","car9","0.00","-E0","-E0_0","-E0_0","-E0_0","11.86","214.15","500.00","4.13","11.78","11.58","0.00","0.00","46.00","46.00","488.14","0","0.86","","6","route1"
"21.00","car1","0.00","-E7","-E7_0","-E7_0","","0.00","129.44","-1.00","0.00","11.81","-1.00","0.00","0.00","101.00","-1.00","617.31","0","0.94","end","6","route1"
"21.00","car7","0.00","E0","E0_0","E0_1","","0.00","140.58","-1.00","0.00","12.21","-1.00","0.00","0.00","101.00","-1.00","608.37","0","0.89","end","6","route0"
"21.00","car0","0.00","E12","E12_0","E12_0","E7_0","146.59","204.81","300.00","2.66","2.56","14.51","0.00","0.00","98.00","98.00","653.41","0","1.06","","6","route0"
"21.00","car5","0.00","E4","E12_0","E4_0","E7_0","287.39","108.03","300.00","2.27","11.42","11.34","0.00","0.00","56.00","56.00","512.61","0","0.83","","6","route0"
"21.00","car8","0.00","E7","E4_0","E7_0","E7_0","7.90","10.74","300.00","3.71","12.83","12.74","0.00","0.00","44.00","44.00","492.10","0","0.94","","6","route0"
"21.00","car6","0.00","E7","E4_0","E7_0","E7_0","187.39","288.22","300.00","14.15","14.32","14.37","0.00","0.00","22.00","22.00","312.61","0","1.05","","6","route0"
"22.00","car9","0.00","-E0","-E0_0","-E0_0","-E0_0","11.86","225.79","500.00","4.13","11.65","11.58","0.00","0.00","46.00","46.00","488.14","0","0.86","","6","route1"
"22.00","car1","0.00","-E7","-E7_0","-E7_0","","0.00","141.99","-1.00","0.00","12.55","-1.00","0.00","0.00","101.00","-1.00","617.31","0","0.94","end","6","route1"
"22.00","car7","0.00","E0","E0_0","E0_1","","0.00","152.80","-1.00","0.00","12.22","-1.00","0.00","0.00","101.00","-1.00","608.37","0","0.89","end","6","route0"
"22.00","car0","0.00","E12","E12_0","E12_0","E7_0","146.59","207.44","300.00","2.66","2.63","14.51","0.00","0.00","98.00","98.00","653.41","0","1.06","","6","route0"
"22.00","car5","0.00","E4","E12_0","E4_0","E7_0","287.39","119.26","300.00","2.27","11.23","11.34","0.00","0.00","56.00","56.00","512.61","0","0.83","","6","route0"
"22.00","car8","0.00","E7","E4_0","E7_0","E7_0","7.90","23.42","300.00","3.71","12.69","12.74","0.00","0.00","44.00","44.00","492.10","0","0.94","","6","route0"
"23.00","car9","0.00","-E0","-E0_0","-E0_0","-E0_0","11.86","237.32","500.00","4.13","11.53","11.58","0.00","0.00","46.00","46.00","488.14","0","0.86","","6","route1"
"23.00","car1","0.00","-E7","-E7_0","-E7_0","","0.00","154.76","-1.00","0.00","12.77","-1.00","0.00","0.00","101.00","-1.00","617.31","0","0.94","end","6","route1"
"23.00","car7","0.00","E0","E0_0","E0_1","","0.00","164.86","-1.00","0.00","12.06","-1.00","0.00","0.00","101.00","-1.00","608.37","0","0.89","end","6","route0"
"23.00","car0","0.00","E12","E12_0","E12_0","E7_0","146.59","210.07","300.00","2.66","2.63","14.51","0.00","0.00","98.00","98.00","653.41","0","1.06","","6","route0"
"23.00","car5","0.00","E4","E12_0","E4_0","E7_0","287.39","130.58","300.00","2.27","11.32","11.34","0.00","0.00","56.00","56.00","512.61","0","0.83","","6","route0"
"23.00","car8","0.00","E7","E4_0","E7_0","E7_0","7.90","36.06","300.00","3.71","12.64","12.74","0.00","0.00","44.00","44.00","492.10","0","0.94","","6","route0"
"24.00","car9","0.00","-E0","-E0_0","-E0_0","-E0_0","11.86","248.89","500.00","4.13","11.57","11.58","0.00","0.00","46.00","46.00","488.14","0","0.86","","6","route1"
"24.00","car1","0.00","-E7","-E7_0","-E7_0","","0.00","167.59","-1.00","0.00","12.82","-1.00","0.00","0.00","101.00","-1.00","617.31","0","0.94","end","6","route1"
"24.00","car7","0.00","E0","E0_0","E0_1","","0.00","176.79","-1.00","0.00","11.92","-1.00","0.00","0.00","101.00","-1.00","608.37","0","0.89","end","6","route0"
"24.00","car0","0.00","E12","E12_0","E12_0","E7_0","146.59","212.68","300.00","2.66","2.61","14.51","0.00","0.00","98.00","98.00","653.41","0","1.06","","6","route0"
"24.00","car5","0.00","E4","E12_0","E4_0","E7_0","287.39","142.08","300.00","2.27","11.50","11.34","0.00","0.00","56.00","56.00","512.61","0","0.83","","6","route0"
"24.00","car8","0.00","E7","E4_0","E7_0","E7_0","7.90","48.92","300.00","3.71","12.86","12.74","0.00","0.00","44.00","44.00","492.10","0","0.94","","6","route0"
"25.00","car9","0.00","-E0","-E0_0","-E0_0","-E0_0","11.86","260.44","500.00","4.13","11.55","11.58","0.00","0.00","46.00","46.00","488.14","0","0.86","","6","route1"
"25.00","car1","0.00","-E7","-E7_0","-E7_0","","0.00","180.54","-1.00","0.00","12.95","-1.00","0.00","0.00","101.00","-1.00","617.31","0","0.94","end","6","route1"
"25.00","car7","0.00","E0","E0_0","E0_1","","0.00","188.83","-1.00","0.00","12.04","-1.00","0.00","0.00","101.00","-1.00","608.37","0","0.89","end","6","route0"
"25.00","car0","0.00","E12","E12_0","E12_0","E7_0","146.59","215.63","300.00","2.66","2.94","14.51","0.00","0.00","98.00","98.00","653.41","0","1.06","","6","route0"
"25.00","car5","0.00","E4","E12_0","E4_0","E7_0","287.39","153.31","300.00","2.27","11.23","11.34","0.00","0.00","56.00","56.00","512.61","0","0.83","","6","route0"
"25.00","car8","0.00","E7","E4_0","E7_0","E7_0","7.90","61.71","300.00","3.71","12.79","12.74","0.00","0.00","44.00","44.00","492.10","0","0.94","","6","route0"
"26.00","car9","0.00","-E0","-E0_0","-E0_0","-E0_0","11.86","272.18","500.00","4.13","11.74","11.58","0.00","0.00","46.00","46.00","488.14","0","0.86","","6","route1"
"26.00","car1","0.00","-E7","-E7_0","-E7_0","","0.00","193.29","-1.00","0.00","12.76","-1.00","0.00","0.00","101.00","-1.00","617.31","0","0.94","end","6","route1"
"26.00","car7","0.00","E0","E0_0","E0_1","","0.00","200.76","-1.00","0.00","11.93","-1.00","0.00","0.00","101.00","-1.00","608.37","0","0.89","end","6","route0"
"26.00","car0","0.00","E12","E12_0","E12_0","E7_0","146.59","218.53","300.00","2.66","2.90","14.51","0.00","0.00","98.00","98.00","653.41","0","1.06","","6","route0"
"26.00","car5","0.00","E4","E12_0","E4_0","E7_0","287.39","164.81","300.00","2.27","11.50","11.34","0.00","0.00","56.00","56.00","512.61","0","0.83","","6","route0"
"26.00","car8","0.00","E7","E4_0","E7_0","E7_0","7.90","74.68","300.00","3.71","12.97","12.74","0.00","0.00","44.00","44.00","492.10","0","0.94","","6","route0"
"27.00","car9","0.00","-E0","-E0_0","-E0_0","-E0_0","11.86","283.87","500.00","4.13","11.68","11.58","0.00","0.00","46.00","46.00","488.14","0","0.86","","6","route1"
"27.00","car1","0.00","-E7","-E7_0","-E7_0","","0.00","205.96","-1.00","0.00","12.66","-1.00","0.00","0.00","101.00","-1.00","617.31","0","0.94","end","6","route1"
"27.00","car7","0.00","E0","E0_0","E0_1","","0.00","212.93","-1.00","0.00","12.16","-1.00","0.00","0.00","101.00","-1.00","608.37","0","0.89","end","6","route0"
"27.00","car0","0.00","E12","E12_0","E12_0","E7_0","146.59","221.13","300.00","2.66","2.60","14.51","0.00","0.00","98.00","98.00","653.41","0","1.06","","6","route0"
"27.00","car5","0.00","E4","E12_0","E4_0","E7_0","287.39","176.15","300.00","2.27","11.34","11.34","0.00","0.00","56.00","56.00","512.61","0","0.83","","6","route0"
"27.00","car8","0.00","E7","E4_0","E7_0","E7_0","7.90","87.54","300.00","3.71","12.87","12.74","0.00","0.00","44.00","44.00","492.10","0","0.94","","6","route0"
"28.00","car9","0.00","-E0","-E0_0","-E0_0","-E0_0","11.86","295.68","500.00","4.13","11.81","11.58","0.00","0.00","46.00","46.00","488.14","0","0.86","","6","route1"
"28.00","car1","0.00","-E7","-E7_0","-E7_0","","0.00","218.63","-1.00","0.00","12.68","-1.00","0.00","0.00","101.00","-1.00","617.31","0","0.94","end","6","route1"
"28.00","car7","0.00","E0","E0_0","E0_1","","0.00","225.12","-1.00","0.00","12.20","-1.00","0.00","0.00","101.00","-1.00","608.37","0","0.89","end","6","route0"
"28.00","car0","0.00","E12","E12_0","E12_0","E7_0","146.59","224.01","300.00","2.66","2.88","14.51","0.00","0.00","98.00","98.00","653.41","0","1.06","","6","route0"
"28.00","car5","0.00","E4","E12_0","E4_0","E7_0","287.39","187.53","300.00","2.27","11.37","11.34","0.00","0.00","56.00","56.00","512.61","0","0.83","","6","route0"
"28.00","car8","0.00","E7","E4_0","E7_0","E7_0","7.90","100.29","300.00","3.71","12.74","12.74","0.00","0.00","44.00","44.00","492.10","0","0.94","","6","route0"
"29.00","car9","0.00","-E0","-E0_0","-E0_0","-E0_0","11.86","307.57","500.00","4.13","11.89","11.58","0.00","0.00","46.00","46.00","488.14","0","0.86","","6","route1"
"29.00","car1","0.00","-E7","-E7_0","-E7_1","","0.00","231.48","-1.00","0.00","12.85","-1.00","0.00","0.00","101.00","-1.00","617.31","0","0.94","end","6","route1"
"29.00","car7","0.00","E0","E0_0","E0_1","","0.00","237.29","-1.00","0.00","12.17","-1.00","0.00","0.00","101.00","-1.00","608.37","0","0.89","end","6","route0"
"29.00","car0","0.00","E12","E12_0","E12_0","E7_0","146.59","226.64","300.00","2.66","2.63","14.51","0.00","0.00","98.00","98.00","653.41","0","1.06","","6","route0"
"29.00","car5","0.00","E4","E12_0","E4_0","E7_0","287.39","198.98","300.00","2.27","11.45","11.34","0.00","0.00","56.00","56.00","512.61","0","0.83","","6","route0"
"29.00","car8","0.00","E7","E4_0","E7_0","E7_0","7.90","113.05","300.00","3.71","12.76","12.74","0.00","0.00","44.00","44.00","492.10","0","0.94","","6","route0"
"30.00","car9","0.00","-E0","-E0_0","-E0_0","-E0_0","11.86","319.35","500.00","4.13","11.78","11.58","0.00","0.00","46.00","46.00","488.14","0","0.86","","6","route1"
"30.00","car1","0.00","-E7","-E7_0","-E7_1","","0.00","244.46","-1.00","0.00","12.98","-1.00","0.00","0.00","101.00","-1.00","617.31","0","0.94","end","6","route1"
"30.00","car7","0.00","E0","E0_0","E0_2","","0.00","249.43","-1.00","0.00","12.14","-1.00","0.00","0.00","101.00","-1.00","608.37","0","0.89","end","6","route0"
"30.00","car0","0.00","E12","E12_0","E12_0","E7_0","146.59","229.47","300.00","2.66","2.84","14.51","0.00","0.00","98.00","98.00","653.41","0","1.06","","6","route0"
"30.00","car5","0.00","E7","E12_0","E7_0","E7_0","287.39","10.45","300.00","2.27","11.47","11.34","0.00","0.00","56.00","56.00","512.61","0","0.83","","6","route0"
"30.00","car8","0.00","E7","E4_0","E7_0","E7_0","7.90","125.73","300.00","3.71","12.69","12.74","0.00","0.00","44.00","44.00","492.10","0","0.94","","6","route0"
"31.00","car9","0.00","-E0","-E0_0","-E0_0","-E0_0","11.86","330.94","500.00","4.13","11.60","11.58","0.00","0.00","46.00","46.00","488.14","0","0.86","","6","route1"
"31.00","car1","0.00","-E7","-E7_0","-E7_1","","0.00","257.14","-1.00","0.00","12.68","-1.00","0.00","0.00","101.00","-1.00","617.31","0","0.94","end","6","route1"
"31.00","car7","0.00","E0","E0_0","E0_2","","0.00","261.49","-1.00","0.00","12.06","-1.00","0.00","0.00","101.00","-1.00","608.37","0","0.89","end","6","route0"
"31.00","car0","0.00","E12","E12_0","E12_0","E7_0","146.59","232.18","300.00","2.66","2.70","14.51","0.00","0.00","98.00","98.00","653.41","0","1.06","","6","route0"
"31.00","car5","0.00","E7","E12_0","E7_0","E7_0","287.39","21.88","300.00","2.27","11.43","11.34","0.00","0.00","56.00","56.00","512.61","0","0.83","","6","route0"
"31.00","car8","0.00","E7","E4_0","E7_0","E7_0","7.90","138.60","300.00","3.71","12.87","12.74","0.00","0.00","44.00","44.00","492.10","0","0.94","","6","route0"
"32.00","car9","0.00","-E0","-E0_0","-E0_0","-E0_0","11.86","342.78","500.00","4.13","11.84","11.58","0.00","0.00","46.00","46.00","488.14","0","0.86","","6","route1"
"32.00","car1","0.00","-E7","-E7_0","-E7_1","","0.00","270.12","-1.00","0.00","12.98","-1.00","0.00","0.00","101.00","-1.00","617.31","0","0.94","end","6","route1"
"32.00","car7","0.00","E0","E0_0","E0_2","","0.00","273.60","-1.00","0.00","12.11","-1.00","0.00","0.00","101.00","-1.00","608.37","0","0.89","end","6","route0"
"32.00","car0","0.00","E12","E12_0","E12_0","E7_0","146.59","235.08","300.00","2.66","2.91","14.51","0.00","0.00","98.00","98.00","653.41","0","1.06","","6","route0"
"32.00","car5","0.00","E7","E12_0","E7_0","E7_0","287.39","33.20","300.00","2.27","11.32","11.34","0.00","0.00","56.00","56.00","512.61","0","0.83","","6","route0"
"32.00","car8","0.00","E7","E4_0","E7_0","E7_0","7.90","151.57","300.00","3.71","12.96","12.74","0.00","0.00","44.00","44.00","492.10","0","0.94","","6","route0"
"33.00","car9","0.00","-E0","-E0_0","-E0_0","-E0_0","11.86","354.30","500.00","4.13","11.52","11.58","0.00","0.00","46.00","46.00","488.14","0","0.86","","6","route1"
"33.00","car1","0.00","-E7","-E7_0","-E7_1","","0.00","283.01","-1.00","0.00","12.89","-1.00","0.00","0.00","101.00","-1.00","617.31","0","0.94","end","6","route1"
"33.00","car7","0.00","E0","E0_0","E0_2","","0.00","285.64","-1.00","0.00","12.04","-1.00","0.00","0.00","101.00","-1.00","608.37","0","0.89","end","6","route0"
"33.00","car0","0.00","E12","E12_0","E12_0","E7_0","146.59","237.74","300.00","2.66","2.66","14.51","0.00","0.00","98.00","98.00","653.41","0","1.06","","6","route0"
"33.00","car5","0.00","E7","E12_0","E7_0","E7_0","287.39","44.44","300.00","2.27","11.24","11.34","0.00","0.00","56.00","56.00","512.61","0","0.83","","6","route0"
"33.00","car8","0.00","E7","E4_0","E7_0","E7_0","7.90","164.38","300.00","3.71","12.82","12.74","0.00","0.00","44.00","44.00","492.10","0","0.94","","6","route0"
"34.00","car9","0.00","-E0","-E0_0","-E0_0","-E0_0","11.86","366.19","500.00","4.13","11.89","11.58","0.00","0.00","46.00","46.00","488.14","0","0.86","","6","route1"
"34.00","car1","0.00","-E7","-E7_0","-E7_1","","0.00","295.79","-1.00","0.00","12.78","-1.00","0.00","0.00","101.00","-1.00","617.31","0","0.94","end","6","route1"
"34.00","car7","0.00","E0","E0_0","E0_2","","0.00","297.73","-1.00","0.00","12.09","-1.00","0.00","0.00","101.00","-1.00","608.37","0","0.89","end","6","route0"
"34.00","car0","0.00","E12","E12_0","E12_0","E7_0","146.59","240.42","300.00","2.66","2.67","14.51","0.00","0.00","98.00","98.00","653.41","0","1.06","","6","route0"
"34.00","car5","0.00","E7","E12_0","E7_0","E7_0","287.39","55.97","300.00","2.27","11.53","11.34","0.00","0.00","56.00","56.00","512.61","0","0.83","","6","route0"
"34.00","car8","0.00","E7","E4_0","E7_0","E7_0","7.90","177.03","300.00","3.71","12.64","12.74","0.00","0.00","44.00","44.00","492.10","0","0.94","","6","route0"
"35.00","car9","0.00","-E0","-E0_0","-E0_0","-E0_0","11.86","377.82","500.00","4.13","11.63","11.58","0.00","0.00","46.00","46.00","488.14","0","0.86","","6","route1"
"35.00","car1","0.00","-E4","-E7_0","-E4_2","","0.00","8.81","-1.00","0.00","13.02","-1.00","0.00","0.00","101.00","-1.00","617.31","0","0.94","end","6","route1"
"35.00","car7","0.00","E0","E0_0","E0_2","","0.00","309.90","-1.00","0.00","12.18","-1.00","0.00","0.00","101.00","-1.00","608.37","0","0.89","end","6","route0"
"35.00","car0","0.00","E12","E12_0","E12_0","E7_0","146.59","242.98","300.00","2.66","2.57","14.51","0.00","0.00","98.00","98.00","653.41","0","1.06","","6","route0"
"35.00","car5","0.00","E7","E12_0","E7_0","E7_0","287.39","67.45","300.00","2.27","11.48","11.34","0.00","0.00","56.00","56.00","512.61","0","0.83","","6","route0"
"35.00","car8","0.00","E7","E4_0","E7_0","E7_0","7.90","189.71","300.00","3.71","12.68","12.74","0.00","0.00","44.00","44.00","492.10","0","0.94","","6","route0"
"36.00","car9","0.00","-E0","-E0_0","-E0_0","-E0_0","11.86","389.59","500.00","4.13","11.77","11.58","0.00","0.00","46.00","46.00","488.14","0","0.86","","6","route1"
"36.00","car1","0.00","-E4","-E7_0","-E4_2","","0.00","21.66","-1.00","0.00","12.85","-1.00","0.00","0.00","101.00","-1.00","617.31","0","0.94","end","6","route1"
"36.00","car7","0.00","E0","E0_0","E0_2","","0.00","322.16","-1.00","0.00","12.26","-1.00","0.00","0.00","101.00","-1.00","608.37","0","0.89","end","6","route0"
"36.00","car0","0.00","E12","E12_0","E12_0","E7_0","146.59","245.59","300.00","2.66","2.60","14.51","0.00","0.00","98.00","98.00","653.41","0","1.06","","6","route0"
"36.00","car5","0.00","E7","E12_0","E7_0","E7_0","287.39","78.90","300.00","2.27","11.45","11.34","0.00","0.00","56.00","56.00","512.61","0","0.83","","6","route0"
"36.00","car8","0.00","E7","E4_0","E7_0","E7_0","7.90","202.38","300.00","3.71","12.67","12.74","0.00","0.00","44.00","44.00","492.10","0","0.94","","6","route0"
"37.00","car9","0.00","-E0","-E0_0","-E0_0","-E0_0","11.86","401.44","500.00","4.13","11.85","11.58","0.00","0.00","46.00","46.00","488.14","0","0.86","","6","route1"
"37.00","car1","0.00","-E4","-E7_0","-E4_2","","0.00","34.46","-1.00","0.00","12.79","-1.00","0.00","0.00","101.00","-1.00","617.31","0","0.94","end","6","route1"
"37.00","car7","0.00","E0","E0_0","E0_2","","0.00","334.16","-1.00","0.00","11.99","-1.00","0.00","0.00","101.00","-1.00","608.37","0","0.89","end","6","route0"
"37.00","car0","0.00","E12","E12_0","E12_0","E7_0","146.59","248.44","300.00","2.66","2.86","14.51","0.00","0.00","98.00","98.00","653.41","0","1.06","","6","route0"
"37.00","car5","0.00","E7","E12_0","E7_0","E7_0","287.39","90.29","300.00","2.27","11.39","11.34","0.00","0.00","56.00","56.00","512.61","0","0.83","","6","route0"
"37.00","car8","0.00","E7","E4_0","E7_0","E7_0","7.90","215.03","300.00","3.71","12.65","12.74","0.00","0.00","44.00","44.00","492.10","0","0.94","","6","route0"
"38.00","car9","0.00","-E0","-E0_0","-E0_0","-E0_0","11.86","413.29","500.00","4.13","11.85","11.58","0.00","0.00","46.00","46.00","488.14","0","0.86","","6","route1"
"38.00","car1","0.00","-E4","-E7_0","-E4_2","","0.00","47.16","-1.00","0.00","12.70","-1.00","0.00","0.00","101.00","-1.00","617.31","0","0.94","end","6","route1"
"38.00","car7","0.00","E0","E0_0","E0_2","","0.00","346.46","-1.00","0.00","12.30","-1.00","0.00","0.00","101.00","-1.00","608.37","0","0.89","end","6","route0"
"38.00","car0","0.00","E12","E12_0","E12_0","E7_0","146.59","251.24","300.00","2.66","2.79","14.51","0.00","0.00","98.00","98.00","653.41","0","1.06","","6","route0"
"38.00","car5","0.00","E7","E12_0","E7_0","E7_0","287.39","101.57","300.00","2.27","11.28","11.34","0.00","0.00","56.00","56.00","512.61","0","0.83","","6","route0"
"38.00","car8","0.00","E7","E4_0","E7_0","E7_0","7.90","227.71","300.00","3.71","12.68","12.74","0.00","0.00","44.00","44.00","492.10","0","0.94","","6","route0"
"39.00","car9","0.00","-E0","-E0_0","-E0_0","-E0_0","11.86","425.03","500.00","4.13","11.74","11.58","0.00","0.00","46.00","46.00","488.14","0","0.86","","6","route1"
"39.00","car1","0.00","-E4","-E7_0","-E4_2","","0.00","60.14","-1.00","0.00","12.98","-1.00","0.00","0.00","101.00","-1.00","617.31","0","0.94","end","6","route1"
"39.00","car7","0.00","E0","E0_0","E0_2","","0.00","358.64","-1.00","0.00","12.19","-1.00","0.00","0.00","101.00","-1.00","608.37","0","0.89","end","6","route0"
"39.00","car0","0.00","E12","E12_0","E12_0","E7_0","146.59","254.13","300.00","2.66","2.89","14.51","0.00","0.00","98.00","98.00","653.41","0","1.06","","6","route0"
"39.00","car5","0.00","E7","E12_0","E7_0","E7_0","287.39","112.74","300.00","2.27","11.17","11.34","0.00","0.00","56.00","56.00","512.61","0","0.83","","6","route0"
"39.00","car8","0.00","E7","E4_0","E7_0","E7_0","7.90","240.73","300.00","3.71","13.02","12.74","0.00","0.00","44.00","44.00","492.10","0","0.94","","6","route0"
"40.00","car9","0.00","-E0","-E0_0","-E0_0","-E0_0","11.86","436.55","500.00","4.13","11.52","11.58","0.00","0.00","46.00","46.00","488.14","0","0.86","","6","route1"
"40.00","car1","0.00","-E4","-E7_0","-E4_2","","0.00","72.82","-1.00","0.00","12.68","-1.00","0.00","0.00","101.00","-1.00","617.31","0","0.94","end","6","route1"
"40.00","car7","0.00","E0","E0_0","E0_2","","0.00","370.56","-1.00","0.00","11.92","-1.00","0.00","0.00","101.00","-1.00","608.37","0","0.89","end","6","route0"
"40.00","car0","0.00","E12","E12_0","E12_0","E7_0","146.59","256.91","300.00","2.66","2.78","14.51","0.00","0.00","98.00","98.00","653.41","0","1.06","","6","route0"
"40.00","car5","0.00","E7","E12_0","E7_0","E7_0","287.39","124.28","300.00","2.27","11.54","11.34","0.00","0.00","56.00","56.00","512.61","0","0.83","","6","route0"
"40.00","car8","0.00","E7","E4_0","E7_0","E7_0","7.90","253.51","300.00","3.71","12.78","12.74","0.00","0.00","44.00","44.00","492.10","0","0.94","","6","route0"
"41.00","car9","0.00","-E0","-E0_0","-E0_0","-E0_0","11.86","448.35","500.00","4.13","11.80","11.58","0.00","0.00","46.00","46.00","488.14","0","0.86","","6","route1"
"41.00","car1","0.00","-E4","-E7_0","-E4_2","","0.00","85.60","-1.00","0.00","12.78","-1.00","0.00","0.00","101.00","-1.00","617.31","0","0.94","end","6","route1"
"41.00","car7","0.00","E0","E0_0","E0_2","","0.00","382.64","-1.00","0.00","12.08","-1.00","0.00","0.00","101.00","-1.00","608.37","0","0.89","end","6","route0"
"41.00","car0","0.00","E12","E12_0","E12_0","E7_0","146.59","259.65","300.00","2.66","2.74","14.51","0.00","0.00","98.00","98.00","653.41","0","1.06","","6","route0"
"41.00","car5","0.00","E7","E12_0","E7_0","E7_0","287.39","135.66","300.00","2.27","11.37","11.34","0.00","0.00","56.00","56.00","512.61","0","0.83","","6","route0"
"41.00","car8","0.00","E7","E4_0","E7_0","E7_0","7.90","266.49","300.00","3.71","12.98","12.74","0.00","0.00","44.00","44.00","492.10","0","0.94","","6","route0"
"42.00","car9","0.00","-E0","-E0_0","-E0_0","-E0_0","11.86","460.16","500.00","4.13","11.81","11.58","0.00","0.00","46.00","46.00","488.14","0","0.86","","6","route1"
"42.00","car1","0.00","-E4","-E7_0","-E4_2","","0.00","98.27","-1.00","0.00","12.67","-1.00","0.00","0.00","101.00","-1.00","617.31","0","0.94","end","6","route1"
"42.00","car7","0.00","E0","E0_0","E0_2","","0.00","394.85","-1.00","0.00","12.21","-1.00","0.00","0.00","101.00","-1.00","608.37","0","0.89","end","6","route0"
"42.00","car0","0.00","E12","E12_0","E12_0","E7_0","146.59","262.43","300.00","2.66","2.77","14.51","0.00","0.00","98.00","98.00","653.41","0","1.06","","6","route0"
"42.00","car5","0.00","E7","E12_0","E7_0","E7_0","287.39","147.03","300.00","2.27","11.37","11.34","0.00","0.00","56.00","56.00","512.61","0","0.83","","6","route0"
"42.00","car8","0.00","E7","E4_0","E7_0","E7_0","7.90","279.48","300.00","3.71","12.99","12.74","0.00","0.00","44.00","44.00","492.10","0","0.94","","6","route0"
"43.00","car9","0.00","-E0","-E0_0","-E0_0","-E0_0","11.86","471.99","500.00","4.13","11.84","11.58","0.00","0.00","46.00","46.00","488.14","0","0.86","","6","route1"
"43.00","car1","0.00","-E4","-E7_0","-E4_2","","0.00","111.09","-1.00","0.00","12.83","-1.00","0.00","0.00","101.00","-1.00","617.31","0","0.94","end","6","route1"
"43.00","car7","0.00","E0","E0_0","E0_2","","0.00","407.12","-1.00","0.00","12.27","-1.00","0.00","0.00","101.00","-1.00","608.37","0","0.89","end","6","route0"
"43.00","car0","0.00","E12","E12_0","E12_0","E7_0","146.59","265.12","300.00","2.66","2.69","14.51","0.00","0.00","98.00","98.00","653.41","0","1.06","","6","route0"
"43.00","car5","0.00","E7","E12_0","E7_0","E7_0","287.39","158.22","300.00","2.27","11.20","11.34","0.00","0.00","56.00","56.00","512.61","0","0.83","","6","route0"
"43.00","car8","0.00","E7","E4_0","E7_0","E7_0","7.90","292.49","300.00","3.71","13.02","12.74","0.00","0.00","44.00","44.00","492.10","0","0.94","","6","route0"
"44.00","car9","0.00","-E0","-E0_0","-E0_0","-E0_0","11.86","483.67","500.00","4.13","11.67","11.58","0.00","0.00","46.00","46.00","488.14","0","0.86","","6","route1"
"44.00","car1","0.00","-E4","-E7_0","-E4_2","","0.00","123.99","-1.00","0.00","12.90","-1.00","0.00","0.00","101.00","-1.00","617.31","0","0.94","end","6","route1"
"44.00","car7","0.00","E0","E0_0","E0_2","","0.00","419.30","-1.00","0.00","12.18","-1.00","0.00","0.00","101.00","-1.00","608.37","0","0.89","end","6","route0"
"44.00","car0","0.00","E12","E12_0","E12_0","E7_0","146.59","267.94","300.00","2.66","2.83","14.51","0.00","0.00","98.00","98.00","653.41","0","1.06","","6","route0"
"44.00","car5","0.00","E7","E12_0","E7_0","E7_0","287.39","169.37","300.00","2.27","11.15","11.34","0.00","0.00","56.00","56.00","512.61","0","0.83","","6","route0"
"45.00","car9","0.00","-E0","-E0_0","-E0_0","-E0_0","11.86","495.47","500.00","4.13","11.81","11.58","0.00","0.00","46.00","46.00","488.14","0","0.86","","6","route1"
"45.00","car1","0.00","-E4","-E7_0","-E4_2","","0.00","136.69","-1.00","0.00","12.70","-1.00","0.00","0.00","101.00","-1.00","617.31","0","0.94","end","6","route1"
"45.00","car7","0.00","E0","E0_0","E0_2","","0.00","431.49","-1.00","0.00","12.20","-1.00","0.00","0.00","101.00","-1.00","608.37","0","0.89","end","6","route0"
"45.00","car0","0.00","E12","E12_0","E12_0","E7_0","146.59","270.54","300.00","2.66","2.60","14.51","0.00","0.00","98.00","98.00","653.41","0","1.06","","6","route0"
"45.00","car5","0.00","E7","E12_0","E7_0","E7_0","287.39","180.64","300.00","2.27","11.27","11.34","0.00","0.00","56.00","56.00","512.61","0","0.83","","6","route0"
"46.00","car1","0.00","-E4","-E7_0","-E4_2","","0.00","149.38","-1.00","0.00","12.69","-1.00","0.00","0.00","101.00","-1.00","617.31","0","0.94","end","6","route1"
"46.00","car7","0.00","E0","E0_0","E0_2","","0.00","443.61","-1.00","0.00","12.11","-1.00","0.00","0.00","101.00","-1.00","608.37","0","0.89","end","6","route0"
"46.00","car0","0.00","E12","E12_0","E12_0","E7_0","146.59","273.13","300.00","2.66","2.58","14.51","0.00","0.00","98.00","98.00","653.41","0","1.06","","6","route0"
"46.00","car5","0.00","E7","E12_0","E7_0","E7_0","287.39","191.94","300.00","2.27","11.30","11.34","0.00","0.00","56.00","56.00","512.61","0","0.83","","6","route0"
"47.00","car1","0.00","-E4","-E7_0","-E4_2","","0.00","162.32","-1.00","0.00","12.94","-1.00","0.00","0.00","101.00","-1.00","617.31","0","0.94","end","6","route1"
"47.00","car7","0.00","E0","E0_0","E0_2","","0.00","455.69","-1.00","0.00","12.09","-1.00","0.00","0.00","101.00","-1.00","608.37","0","0.89","end","6","route0"
"47.00","car0","0.00","E12","E12_0","E12_0","E7_0","146.59","276.04","300.00","2.66","2.91","14.51","0.00","0.00","98.00","98.00","653.41","0","1.06","","6","route0"
"47.00","car5","0.00","E7","E12_0","E7_0","E7_0","287.39","203.10","300.00","2.27","11.16","11.34","0.00","0.00","56.00","56.00","512.61","0","0.83","","6","route0"
"48.00","car1","0.00","-E4","-E7_0","-E4_2","","0.00","175.17","-1.00","0.00","12.86","-1.00","0.00","0.00","101.00","-1.00","617.31","0","0.94","end","6","route1"
"48.00","car7","0.00","E0","E0_0","E0_2","","0.00","467.61","-1.00","0.00","11.92","-1.00","0.00","0.00","101.00","-1.00","608.37","0","0.89","end","6","route0"
"48.00","car0","0.00","E12","E12_0","E12_0","E7_0","146.59","278.84","300.00","2.66","2.81","14.51","0.00","0.00","98.00","98.00","653.41","0","1.06","","6","route0"
"48.00","car5","0.00","E7","E12_0","E7_0","E7_0","287.39","214.56","300.00","2.27","11.46","11.34","0.00","0.00","56.00","56.00","512.61","0","0.83","","6","route0"
"49.00","car1","0.00","-E4","-E7_0","-E4_2","","0.00","187.83","-1.00","0.00","12.66","-1.00","0.00","0.00","101.00","-1.00","617.31","0","0.94","end","6","route1"
"49.00","car7","0.00","E0","E0_0","E0_2","","0.00","479.66","-1.00","0.00","12.05","-1.00","0.00","0.00","101.00","-1.00","608.37","0","0.89","end","6","route0"
"49.00","car0","0.00","E12","E12_0","E12_0","E7_0","146.59","281.61","300.00","2.66","2.77","14.51","0.00","0.00","98.00","98.00","653.41","0","1.06","","6","route0"
"49.00","car5","0.00","E7","E12_0","E7_0","E7_0","287.39","225.79","300.00","2.27","11.23","11.34","0.00","0.00","56.00","56.00","512.61","0","0.83","","6","route0"
"50.00","car1","0.00","-E4","-E7_0","-E4_2","","0.00","195.98","-1.00","0.00","8.16","-1.00","0.00","0.00","101.00","-1.00","617.31","0","0.94","end","6","route1"
"50.00","car7","0.00","E0","E0_0","E0_2","","0.00","490.60","-1.00","0.00","10.94","-1.00","0.00","0.00","101.00","-1.00","608.37","0","0.89","end","6","route0"
"50.00","car0","0.00","E12","E12_0","E12_0","E7_0","146.59","284.48","300.00","2.66","2.87","14.51","0.00","0.00","98.00","98.00","653.41","0","1.06","","6","route0"
"50.00","car5","0.00","E7","E12_0","E7_0","E7_0","287.39","237.12","300.00","2.27","11.32","11.34","0.00","0.00","56.00","56.00","512.61","0","0.83","","6","route0"
"51.00","car1","0.00","-E4","-E7_0","-E4_2","","0.00","199.75","-1.00","0.00","3.76","-1.00","0.00","0.00","101.00","-1.00","617.31","0","0.94","end","6","route1"
"51.00","car7","0.00","E0","E0_0","E0_2","","0.00","497.15","-1.00","0.00","6.56","-1.00","0.00","0.00","101.00","-1.00","608.37","0","0.89","end","6","route0"
"51.00","car0","0.00","E12","E12_0","E12_0","E7_0","146.59","287.28","300.00","2.66","2.80","14.51","0.00","0.00","98.00","98.00","653.41","0","1.06","","6","route0"
"51.00","car5","0.00","E7","E12_0","E7_0","E7_0","287.39","248.64","300.00","2.27","11.52","11.34","0.00","0.00","56.00","56.00","512.61","0","0.83","","6","route0"
"52.00","car1","0.00","-E12","-E7_0","-E12_2","","0.00","2.14","-1.00","0.00","2.39","-1.00","0.00","0.00","101.00","-1.00","617.31","0","0.94","end","6","route1"
"52.00","car7","0.00","E0","E0_0","E0_2","","0.00","499.92","-1.00","0.00","2.76","-1.00","0.00","0.00","101.00","-1.00","608.37","0","0.89","end","6","route0"
"52.00","car0","0.00","E12","E12_0","E12_0","E7_0","146.59","289.84","300.00","2.66","2.57","14.51","0.00","0.00","98.00","98.00","653.41","0","1.06","","6","route0"
"52.00","car5","0.00","E7","E12_0","E7_0","E7_0","287.39","259.94","300.00","2.27","11.30","11.34","0.00","0.00","56.00","56.00","512.61","0","0.83","","6","route0"
"53.00","car1","0.00","-E12","-E7_0","-E12_2","","0.00","4.39","-1.00","0.00","2.25","-1.00","0.00","0.00","101.00","-1.00","617.31","0","0.94","end","6","route1"
"53.00","car0","0.00","E12","E12_0","E12_0","E7_0","146.59","292.58","300.00","2.66","2.74","14.51","0.00","0.00","98.00","98.00","653.41","0","1.06","","6","route0"
"53.00","car7","0.00","E12","E0_0","E12_2","","0.00","2.28","-1.00","0.00","2.37","-1.00","0.00","0.00","101.00","-1.00","608.37","0","0.89","end","6","route0"
"53.00","car5","0.00","E7","E12_0","E7_0","E7_0","287.39","271.46","300.00","2.27","11.52","11.34","0.00","0.00","56.00","56.00","512.61","0","0.83","","6","route0"
"54.00","car1","0.00","-E12","-E7_0","-E12_2","","0.00","7.00","-1.00","0.00","2.61","-1.00","0.00","0.00","101.00","-1.00","617.31","0","0.94","end","6","route1"
"54.00","car0","0.00","E12","E12_0","E12_0","E7_0","146.59","295.39","300.00","2.66","2.81","14.51","0.00","0.00","98.00","98.00","653.41","0","1.06","","6","route0"
"54.00","car7","0.00","E12","E0_0","E12_2","","0.00","4.56","-1.00","0.00","2.28","-1.00","0.00","0.00","101.00","-1.00","608.37","0","0.89","end","6","route0"
"54.00","car5","0.00","E7","E12_0","E7_0","E7_0","287.39","282.76","300.00","2.27","11.30","11.34","0.00","0.00","56.00","56.00","512.61","0","0.83","","6","route0"
"55.00","car1","0.00","-E12","-E7_0","-E12_2","","0.00","9.48","-1.00","0.00","2.48","-1.00","0.00","0.00","101.00","-1.00","617.31","0","0.94","end","6","route1"
"55.00","car0","0.00","E12","E12_0","E12_0","E7_0","146.59","298.07","300.00","2.66","2.68","14.51","0.00","0.00","98.00","98.00","653.41","0","1.06","","6","route0"
"55.00","car7","0.00","E12","E0_0","E12_2","","0.00","6.66","-1.00","0.00","2.10","-1.00","0.00","0.00","101.00","-1.00","608.37","0","0.89","end","6","route0"
"55.00","car5","0.00","E7","E12_0","E7_0","E7_0","287.39","294.14","300.00","2.27","11.38","11.34","0.00","0.00","56.00","56.00","512.61","0","0.83","","6","route0"
"56.00","car1","0.00","-E12","-E7_0","-E12_2","","0.00","12.03","-1.00","0.00","2.55","-1.00","0.00","0.00","101.00","-1.00","617.31","0","0.94","end","6","route1"
"56.00","car7","0.00","E12","E0_0","E12_2","","0.00","9.07","-1.00","0.00","2.41","-1.00","0.00","0.00","101.00","-1.00","608.37","0","0.89","end","6","route0"
"56.00","car0","0.00","E4","E12_0","E4_0","E7_0","146.59","0.85","300.00","2.66","2.78","14.51","0.00","0.00","98.00","98.00","653.41","0","1.06","","6","route0"
"57.00","car1","0.00","-E12","-E7_0","-E12_1","","0.00","14.47","-1.00","0.00","2.43","-1.00","0.00","0.00","101.00","-1.00","617.31","0","0.94","end","6","route1"
"57.00","car7","0.00","E12","E0_0","E12_2","","0.00","11.35","-1.00","0.00","2.28","-1.00","0.00","0.00","101.00","-1.00","608.37","0","0.89","end","6","route0"
"57.00","car0","0.00","E4","E12_0","E4_0","E7_0","146.59","4.05","300.00","2.66","3.20","14.51","0.00","0.00","98.00","98.00","653.41","0","1.06","","6","route0"
"58.00","car1","0.00","-E12","-E7_0","-E12_1","","0.00","16.90","-1.00","0.00","2.43","-1.00","0.00","0.00","101.00","-1.00","617.31","0","0.94","end","6","route1"
"58.00","car7","0.00","E12","E0_0","E12_1","","0.00","13.73","-1.00","0.00","2.37","-1.00","0.00","0.00","101.00","-1.00","608.37","0","0.89","end","6","route0"
"58.00","car0","0.00","E4","E12_0","E4_0","E7_0","146.59","7.72","300.00","2.66","3.68","14.51","0.00","0.00","98.00","98.00","653.41","0","1.06","","6","route0"
"59.00","car1","0.00","-E12","-E7_0","-E12_1","","0.00","19.31","-1.00","0.00","2.41","-1.00","0.00","0.00","101.00","-1.00","617.31","0","0.94","end","6","route1"
"59.00","car7","0.00","E12","E0_0","E12_1","","0.00","15.93","-1.00","0.00","2.21","-1.00","0.00","0.00","101.00","-1.00","608.37","0","0.89","end","6","route0"
"59.00","car0","0.00","E4","E12_0","E4_0","E7_0","146.59","12.02","300.00","2.66","4.29","14.51","0.00","0.00","98.00","98.00","653.41","0","1.06","","6","route0"
"60.00","car1","0.00","-E12","-E7_0","-E12_1","","0.00","21.90","-1.00","0.00","2.60","-1.00","0.00","0.00","101.00","-1.00","617.31","0","0.94","end","6","route1"
"60.00","car7","0.00","E12","E0_0","E12_1","","0.00","18.36","-1.00","0.00","2.43","-1.00","0.00","0.00","101.00","-1.00","608.37","0","0.89","end","6","route0"
"60.00","car0","0.00","E4","E12_0","E4_0","E7_0","146.59","16.86","300.00","2.66","4.85","14.51","0.00","0.00","98.00","98.00","653.41","0","1.06","","6","route0"
"61.00","car1","0.00","-E12","-E7_0","-E12_1","","0.00","24.24","-1.00","0.00","2.34","-1.00","0.00","0.00","101.00","-1.00","617.31","0","0.94","end","6","route1"
"61.00","car7","0.00","E12","E0_0","E12_1","","0.00","20.62","-1.00","0.00","2.26","-1.00","0.00","0.00","101.00","-1.00","608.37","0","0.89","end","6","route0"
"61.00","car0","0.00","E4","E12_0","E4_0","E7_0","146.59","22.36","300.00","2.66","5.50","14.51","0.00","0.00","98.00","98.00","653.41","0","1.06","","6","route0"
"62.00","car1","0.00","-E12","-E7_0","-E12_1","","0.00","26.49","-1.00","0.00","2.25","-1.00","0.00","0.00","101.00","-1.00","617.31","0","0.94","end","6","route1"
"62.00","car7","0.00","E12","E0_0","E12_1","","0.00","23.04","-1.00","0.00","2.41","-1.00","0.00","0.00","101.00","-1.00","608.37","0","0.89","end","6","route0"
"62.00","car0","0.00","E4","E12_0","E4_0","E7_0","146.59","28.49","300.00","2.66","6.12","14.51","0.00","0.00","98.00","98.00","653.41","0","1.06","","6","route0"
"63.00","car1","0.00","-E12","-E7_0","-E12_0","","0.00","28.82","-1.00","0.00","2.33","-1.00","0.00","0.00","101.00","-1.00","617.31","0","0.94","end","6","route1"
"63.00","car7","0.00","E12","E0_0","E12_1","","0.00","25.14","-1.00","0.00","2.10","-1.00","0.00","0.00","101.00","-1.00","608.37","0","0.89","end","6","route0"
"63.00","car0","0.00","E4","E12_0","E4_0","E7_0","146.59","35.12","300.00","2.66","6.64","14.51","0.00","0.00","98.00","98.00","653.41","0","1.06","","6","route0"
"64.00","car1","0.00","-E12","-E7_0","-E12_0","","0.00","31.34","-1.00","0.00","2.53","-1.00","0.00","0.00","101.00","-1.00","617.31","0","0.94","end","6","route1"
"64.00","car7","0.00","E12","E0_0","E12_0","","0.00","27.23","-1.00","0.00","2.10","-1.00","0.00","0.00","101.00","-1.00","608.37","0","0.89","end","6","route0"
"64.00","car0","0.00","E4","E12_0","E4_0","E7_0","146.59","42.51","300.00","2.66","7.38","14.51","0.00","0.00","98.00","98.00","653.41","0","1.06","","6","route0"
"65.00","car1","0.00","-E12","-E7_0","-E12_0","","0.00","33.60","-1.00","0.00","2.25","-1.00","0.00","0.00","101.00","-1.00","617.31","0","0.94","end","6","route1"
"65.00","car7","0.00","E12","E0_0","E12_0","","0.00","29.66","-1.00","0.00","2.43","-1.00","0.00","0.00","101.00","-1.00","608.37","0","0.89","end","6","route0"
"65.00","car0","0.00","E4","E12_0","E4_0","E7_0","146.59","50.57","300.00","2.66","8.07","14.51","0.00","0.00","98.00","98.00","653.41","0","1.06","","6","route0"
"66.00","car1","0.00","-E12","-E7_0","-E12_0","","0.00","36.16","-1.00","0.00","2.56","-1.00","0.00","0.00","101.00","-1.00","617.31","0","0.94","end","6","route1"
"66.00","car7","0.00","E12","E0_0","E12_0","","0.00","31.82","-1.00","0.00","2.16","-1.00","0.00","0.00","101.00","-1.00","608.37","0","0.89","end","6","route0"
"66.00","car0","0.00","E4","E12_0","E4_0","E7_0","146.59","59.27","300.00","2.66","8.70","14.51","0.00","0.00","98.00","98.00","653.41","0","1.06","","6","route0"
"67.00","car1","0.00","-E12","-E7_0","-E12_0","","0.00","38.54","-1.00","0.00","2.38","-1.00","0.00","0.00","101.00","-1.00","617.31","0","0.94","end","6","route1"
"67.00","car7","0.00","E12","E0_0","E12_0","","0.00","34.27","-1.00","0.00","2.46","-1.00","0.00","0.00","101.00","-1.00","608.37","0","0.89","end","6","route0"
"67.00","car0","0.00","E4","E12_0","E4_0","E7_0","146.59","68.44","300.00","2.66","9.16","14.51","0.00","0.00","98.00","98.00","653.41","0","1.06","","6","route0"
"68.00","car1","0.00","-E12","-E7_0","-E12_0","","0.00","41.06","-1.00","0.00","2.52","-1.00","0.00","0.00","101.00","-1.00","617.31","0","0.94","end","6","route1"
"68.00","car7","0.00","E12","E0_0","E12_0","","0.00","36.34","-1.00","0.00","2.07","-1.00","0.00","0.00","101.00","-1.00","608.37","0","0.89","end","6","route0"
"68.00","car0","0.00","E4","E12_0","E4_0","E7_0","146.59","78.24","300.00","2.66","9.80","14.51","0.00","0.00","98.00","98.00","653.41","0","1.06","","6","route0"
"69.00","car1","0.00","-E12","-E7_0","-E12_0","","0.00","43.51","-1.00","0.00","2.45","-1.00","0.00","0.00","101.00","-1.00","617.31","0","0.94","end","6","route1"
"69.00","car7","0.00","E12","E0_0","E12_0","","0.00","38.77","-1.00","0.00","2.42","-1.00","0.00","0.00","101.00","-1.00","608.37","0","0.89","end","6","route0"
"69.00","car0","0.00","E4","E12_0","E4_0","E7_0","146.59","88.81","300.00","2.66","10.57","14.51","0.00","0.00","98.00","98.00","653.41","0","1.06","","6","route0"
"70.00","car1","0.00","-E12","-E7_0","-E12_0","","0.00","45.76","-1.00","0.00","2.25","-1.00","0.00","0.00","101.00","-1.00","617.31","0","0.94","end","6","route1"
"70.00","car7","0.00","E12","E0_0","E12_0","","0.00","41.11","-1.00","0.00","2.34","-1.00","0.00","0.00","101.00","-1.00","608.37","0","0.89","end","6","route0"
"70.00","car0","0.00","E4","E12_0","E4_0","E7_0","146.59","100.02","300.00","2.66","11.21","14.51","0.00","0.00","98.00","98.00","653.41","0","1.06","","6","route0"
"71.00","car1","0.00","-E12","-E7_0","-E12_0","","0.00","48.11","-1.00","0.00","2.35","-1.00","0.00","0.00","101.00","-1.00","617.31","0","0.94","end","6","route1"
"71.00","car7","0.00","E12","E0_0","E12_0","","0.00","43.26","-1.00","0.00","2.15","-1.00","0.00","0.00","101.00","-1.00","608.37","0","0.89","end","6","route0"
"71.00","car0","0.00","E4","E12_0","E4_0","E7_0","146.59","111.89","300.00","2.66","11.87","14.51","0.00","0.00","98.00","98.00","653.41","0","1.06","","6","route0"
"72.00","car1","0.00","-E12","-E7_0","-E12_0","","0.00","50.37","-1.00","0.00","2.26","-1.00","0.00","0.00","101.00","-1.00","617.31","0","0.94","end","6","route1"
"72.00","car7","0.00","E12","E0_0","E12_0","","0.00","45.48","-1.00","0.00","2.22","-1.00","0.00","0.00","101.00","-1.00","608.37","0","0.89","end","6","route0"
"72.00","car0","0.00","E4","E12_0","E4_0","E7_0","146.59","124.42","300.00","2.66","12.53","14.51","0.00","0.00","98.00","98.00","653.41","0","1.06","","6","route0"
"73.00","car1","0.00","-E12","-E7_0","-E12_0","","0.00","52.64","-1.00","0.00","2.27","-1.00","0.00","0.00","101.00","-1.00","617.31","0","0.94","end","6","route1"
"73.00","car7","0.00","E12","E0_0","E12_0","","0.00","47.69","-1.00","0.00","2.21","-1.00","0.00","0.00","101.00","-1.00","608.37","0","0.89","end","6","route0"
"73.00","car0","0.00","E4","E12_0","E4_0","E7_0","146.59","137.58","300.00","2.66","13.16","14.51","0.00","0.00","98.00","98.00","653.41","0","1.06","","6","route0"
"74.00","car1","0.00","-E12","-E7_0","-E12_0","","0.00","54.93","-1.00","0.00","2.29","-1.00","0.00","0.00","101.00","-1.00","617.31","0","0.94","end","6","route1"
"74.00","car7","0.00","E12","E0_0","E12_0","","0.00","50.00","-1.00","0.00","2.31","-1.00","0.00","0.00","101.00","-1.00","608.37","0","0.89","end","6","route0"
"74.00","car0","0.00","E4","E12_0","E4_0","E7_0","146.59","151.48","300.00","2.66","13.90","14.51","0.00","0.00","98.00","98.00","653.41","0","1.06","","6","route0"
"75.00","car1","0.00","-E12","-E7_0","-E12_0","","0.00","57.48","-1.00","0.00","2.55","-1.00","0.00","0.00","101.00","-1.00","617.31","0","0.94","end","6","route1"
"75.00","car7","0.00","E12","E0_0","E12_0","","0.00","52.17","-1.00","0.00","2.17","-1.00","0.00","0.00","101.00","-1.00","608.37","0","0.89","end","6","route0"
"75.00","car0","0.00","E4","E12_0","E4_0","E7_0","146.59","165.82","300.00","2.66","14.33","14.51","0.00","0.00","98.00","98.00","653.41","0","1.06","","6","route0"
"76.00","car1","0.00","-E12","-E7_0","-E12_0","","0.00","59.95","-1.00","0.00","2.47","-1.00","0.00","0.00","101.00","-1.00","617.31","0","0.94","end","6","route1"
"76.00","car7","0.00","E12","E0_0","E12_0","","0.00","54.50","-1.00","0.00","2.32","-1.00","0.00","0.00","101.00","-1.00","608.37","0","0.89","end","6","route0"
"76.00","car0","0.00","E4","E12_0","E4_0","E7_0","146.59","180.21","300.00","2.66","14.39","14.51","0.00","0.00","98.00","98.00","653.41","0","1.06","","6","route0"
"77.00","car1","0.00","-E12","-E7_0","-E12_0","","0.00","62.38","-1.00","0.00","2.43","-1.00","0.00","0.00","101.00","-1.00","617.31","0","0.94","end","6","route1"
"77.00","car7","0.00","E12","E0_0","E12_0","","0.00","56.78","-1.00","0.00","2.29","-1.00","0.00","0.00","101.00","-1.00","608.37","0","0.89","end","6","route0"
"77.00","car0","0.00","E4","E12_0","E4_0","E7_0","146.59","194.85","300.00","2.66","14.64","14.51","0.00","0.00","98.00","98.00","653.41","0","1.06","","6","route0"
"78.00","car1","0.00","-E12","-E7_0","-E12_0","","0.00","64.74","-1.00","0.00","2.35","-1.00","0.00","0.00","101.00","-1.00","617.31","0","0.94","end","6","route1"
"78.00","car7","0.00","E12","E0_0","E12_0","","0.00","59.18","-1.00","0.00","2.40","-1.00","0.00","0.00","101.00","-1.00","608.37","0","0.89","end","6","route0"
"78.00","car0","0.00","E7","E12_0","E7_0","E7_0","146.59","9.17","300.00","2.66","14.32","14.51","0.00","0.00","98.00","98.00","653.41","0","1.06","","6","route0"
"79.00","car1","0.00","-E12","-E7_0","-E12_0","","0.00","67.33","-1.00","0.00","2.59","-1.00","0.00","0.00","101.00","-1.00","617.31","0","0.94","end","6","route1"
"79.00","car7","0.00","E12","E0_0","E12_0","","0.00","61.32","-1.00","0.00","2.14","-1.00","0.00","0.00","101.00","-1.00","608.37","0","0.89","end","6","route0"
"79.00","car0","0.00","E7","E12_0","E7_0","E7_0","146.59","23.88","300.00","2.66","14.71","14.51","0.00","0.00","98.00","98.00","653.41","0","1.06","","6","route0"
"80.00","car1","0.00","-E12","-E7_0","-E12_0","","0.00","69.63","-1.00","0.00","2.30","-1.00","0.00","0.00","101.00","-1.00","617.31","0","0.94","end","6","route1"
"80.00","car7","0.00","E12","E0_0","E12_0","","0.00","63.76","-1.00","0.00","2.44","-1.00","0.00","0.00","101.00","-1.00","608.37","0","0.89","end","6","route0"
"80.00","car0","0.00","E7","E12_0","E7_0","E7_0","146.59","38.56","300.00","2.66","14.67","14.51","0.00","0.00","98.00","98.00","653.41","0","1.06","","6","route0"
"81.00","car1","0.00","-E12","-E7_0","-E12_0","","0.00","71.98","-1.00","0.00","2.35","-1.00","0.00","0.00","101.00","-1.00","617.31","0","0.94","end","6","route1"
"81.00","car7","0.00","E12","E0_0","E12_0","","0.00","66.21","-1.00","0.00","2.46","-1.00","0.00","0.00","101.00","-1.00","608.37","0","0.89","end","6","route0"
"81.00","car0","0.00","E7","E12_0","E7_0","E7_0","146.59","52.96","300.00","2.66","14.40","14.51","0.00","0.00","98.00","98.00","653.41","0","1.06","","6","route0"
"82.00","car1","0.00","-E12","-E7_0","-E12_0","","0.00","74.45","-1.00","0.00","2.46","-1.00","0.00","0.00","101.00","-1.00","617.31","0","0.94","end","6","route1"
"82.00","car7","0.00","E12","E0_0","E12_0","","0.00","68.30","-1.00","0.00","2.08","-1.00","0.00","0.00","101.00","-1.00","608.37","0","0.89","end","6","route0"
"82.00","car0","0.00","E7","E12_0","E7_0","E7_0","146.59","67.53","300.00","2.66","14.57","14.51","0.00","0.00","98.00","98.00","653.41","0","1.06","","6","route0"
"83.00","car1","0.00","-E12","-E7_0","-E12_0","","0.00","76.75","-1.00","0.00","2.30","-1.00","0.00","0.00","101.00","-1.00","617.31","0","0.94","end","6","route1"
"83.00","car7","0.00","E12","E0_0","E12_0","","0.00","70.62","-1.00","0.00","2.33","-1.00","0.00","0.00","101.00","-1.00","608.37","0","0.89","end","6","route0"
"83.00","car0","0.00","E7","E12_0","E7_0","E7_0","146.59","81.90","300.00","2.66","14.37","14.51","0.00","0.00","98.00","98.00","653.41","0","1.06","","6","route0"
"84.00","car1","0.00","-E12","-E7_0","-E12_0","","0.00","79.16","-1.00","0.00","2.41","-1.00","0.00","0.00","101.00","-1.00","617.31","0","0.94","end","6","route1"
"84.00","car7","0.00","E12","E0_0","E12_0","","0.00","72.92","-1.00","0.00","2.30","-1.00","0.00","0.00","101.00","-1.00","608.37","0","0.89","end","6","route0"
"84.00","car0","0.00","E7","E12_0","E7_0","E7_0","146.59","96.28","300.00","2.66","14.37","14.51","0.00","0.00","98.00","98.00","653.41","0","1.06","","6","route0"
"85.00","car1","0.00","-E12","-E7_0","-E12_0","","0.00","81.38","-1.00","0.00","2.22","-1.00","0.00","0.00","101.00","-1.00","617.31","0","0.94","end","6","route1"
"85.00","car7","0.00","E12","E0_0","E12_0","","0.00","75.12","-1.00","0.00","2.20","-1.00","0.00","0.00","101.00","-1.00","608.37","0","0.89","end","6","route0"
"85.00","car0","0.00","E7","E12_0","E7_0","E7_0","146.59","110.97","300.00","2.66","14.70","14.51","0.00","0.00","98.00","98.00","653.41","0","1.06","","6","route0"
"86.00","car1","0.00","-E12","-E7_0","-E12_0","","0.00","83.63","-1.00","0.00","2.25","-1.00","0.00","0.00","101.00","-1.00","617.31","0","0.94","end","6","route1"
"86.00","car7","0.00","E12","E0_0","E12_0","","0.00","77.31","-1.00","0.00","2.18","-1.00","0.00","0.00","101.00","-1.00","608.37","0","0.89","end","6","route0"
"86.00","car0","0.00","E7","E12_0","E7_0","E7_0","146.59","125.67","300.00","2.66","14.69","14.51","0.00","0.00","98.00","98.00","653.41","0","1.06","","6","route0"
"87.00","car1","0.00","-E12","-E7_0","-E12_0","","0.00","85.93","-1.00","0.00","2.30","-1.00","0.00","0.00","101.00","-1.00","617.31","0","0.94","end","6","route1"
"87.00","car7","0.00","E12","E0_0","E12_0","","0.00","79.70","-1.00","0.00","2.40","-1.00","0.00","0.00","101.00","-1.00","608.37","0","0.89","end","6","route0"
"87.00","car0","0.00","E7","E12_0","E7_0","E7_0","146.59","140.34","300.00","2.66","14.67","14.51","0.00","0.00","98.00","98.00","653.41","0","1.06","","6","route0"
"88.00","car1","0.00","-E12","-E7_0","-E12_0","","0.00","88.36","-1.00","0.00","2.44","-1.00","0.00","0.00","101.00","-1.00","617.31","0","0.94","end","6","route1"
"88.00","car7","0.00","E12","E0_0","E12_0","","0.00","81.92","-1.00","0.00","2.22","-1.00","0.00","0.00","101.00","-1.00","608.37","0","0.89","end","6","route0"
"88.00","car0","0.00","E7","E12_0","E7_0","E7_0","146.59","154.95","300.00","2.66","14.61","14.51","0.00","0.00","98.00","98.00","653.41","0","1.06","","6","route0"
"89.00","car1","0.00","-E12","-E7_0","-E12_0","","0.00","90.78","-1.00","0.00","2.42","-1.00","0.00","0.00","101.00","-1.00","617.31","0","0.94","end","6","route1"
"89.00","car7","0.00","E12","E0_0","E12_0","","0.00","84.03","-1.00","0.00","2.11","-1.00","0.00","0.00","101.00","-1.00","608.37","0","0.89","end","6","route0"
"89.00","car0","0.00","E7","E12_0","E7_0","E7_0","146.59","169.53","300.00","2.66","14.58","14.51","0.00","0.00","98.00","98.00","653.41","0","1.06","","6","route0"
"90.00","car1","0.00","-E12","-E7_0","-E12_0","","0.00","93.24","-1.00","0.00","2.46","-1.00","0.00","0.00","101.00","-1.00","617.31","0","0.94","end","6","route1"
"90.00","car7","0.00","E12","E0_0","E12_0","","0.00","86.14","-1.00","0.00","2.11","-1.00","0.00","0.00","101.00","-1.00","608.37","0","0.89","end","6","route0"
"90.00","car0","0.00","E7","E12_0","E7_0","E7_0","146.59","183.89","300.00","2.66","14.36","14.51","0.00","0.00","98.00","98.00","653.41","0","1.06","","6","route0"
"91.00","car1","0.00","-E12","-E7_0","-E12_0","","0.00","95.66","-1.00","0.00","2.42","-1.00","0.00","0.00","101.00","-1.00","617.31","0","0.94","end","6","route1"
"91.00","car7","0.00","E12","E0_0","E12_0","","0.00","88.29","-1.00","0.00","2.15","-1.00","0.00","0.00","101.00","-1.00","608.37","0","0.89","end","6","route0"
"91.00","car0","0.00","E7","E12_0","E7_0","E7_0","146.59","198.24","300.00","2.66","14.35","14.51","0.00","0.00","98.00","98.00","653.41","0","1.06","","6","route0"
"92.00","car1","0.00","-E12","-E7_0","-E12_0","","0.00","97.92","-1.00","0.00","2.25","-1.00","0.00","0.00","101.00","-1.00","617.31","0","0.94","end","6","route1"
"92.00","car7","0.00","E12","E0_0","E12_0","","0.00","90.73","-1.00","0.00","2.44","-1.00","0.00","0.00","101.00","-1.00","608.37","0","0.89","end","6","route0"
"92.00","car0","0.00","E7","E12_0","E7_0","E7_0","146.59","212.87","300.00","2.66","14.62","14.51","0.00","0.00","98.00","98.00","653.41","0","1.06","","6","route0"
"93.00","car1","0.00","-E12","-E7_0","-E12_0","","0.00","100.40","-1.00","0.00","2.49","-1.00","0.00","0.00","101.00","-1.00","617.31","0","0.94","end","6","route1"
"93.00","car7","0.00","E12","E0_0","E12_0","","0.00","93.19","-1.00","0.00","2.46","-1.00","0.00","0.00","101.00","-1.00","608.37","0","0.89","end","6","route0"
"93.00","car0","0.00","E7","E12_0","E7_0","E7_0","146.59","227.40","300.00","2.66","14.54","14.51","0.00","0.00","98.00","98.00","653.41","0","1.06","","6","route0"
"94.00","car1","0.00","-E12","-E7_0","-E12_0","","0.00","102.81","-1.00","0.00","2.41","-1.00","0.00","0.00","101.00","-1.00","617.31","0","0.94","end","6","route1"
"94.00","car7","0.00","E12","E0_0","E12_0","","0.00","95.51","-1.00","0.00","2.33","-1.00","0.00","0.00","101.00","-1.00","608.37","0","0.89","end","6","route0"
"94.00","car0","0.00","E7","E12_0","E7_0","E7_0","146.59","241.86","300.00","2.66","14.46","14.51","0.00","0.00","98.00","98.00","653.41","0","1.06","","6","route0"
"95.00","car1","0.00","-E12","-E7_0","-E12_0","","0.00","105.05","-1.00","0.00","2.24","-1.00","0.00","0.00","101.00","-1.00","617.31","0","0.94","end","6","route1"
"95.00","car7","0.00","E12","E0_0","E12_0","","0.00","97.60","-1.00","0.00","2.08","-1.00","0.00","0.00","101.00","-1.00","608.37","0","0.89","end","6","route0"
"95.00","car0","0.00","E7","E12_0","E7_0","E7_0","146.59","256.22","300.00","2.66","14.36","14.51","0.00","0.00","98.00","98.00","653.41","0","1.06","","6","route0"
"96.00","car1","0.00","-E12","-E7_0","-E12_0","","0.00","107.48","-1.00","0.00","2.42","-1.00","0.00","0.00","101.00","-1.00","617.31","0","0.94","end","6","route1"
"96.00","car7","0.00","E12","E0_0","E12_0","","0.00","99.66","-1.00","0.00","2.07","-1.00","0.00","0.00","101.00","-1.00","608.37","0","0.89","end","6","route0"
"96.00","car0","0.00","E7","E12_0","E7_0","E7_0","146.59","270.90","300.00","2.66","14.68","14.51","0.00","0.00","98.00","98.00","653.41","0","1.06","","6","route0"
"97.00","car1","0.00","-E12","-E7_0","-E12_0","","0.00","110.06","-1.00","0.00","2.59","-1.00","0.00","0.00","101.00","-1.00","617.31","0","0.94","end","6","route1"
"97.00","car7","0.00","E12","E0_0","E12_0","","0.00","101.74","-1.00","0.00","2.08","-1.00","0.00","0.00","101.00","-1.00","608.37","0","0.89","end","6","route0"
"97.00","car0","0.00","E7","E12_0","E7_0","E7_0","146.59","285.53","300.00","2.66","14.64","14.51","0.00","0.00","98.00","98.00","653.41","0","1.06","","6","route0"
"98.00","car1","0.00","-E12","-E7_0","-E12_0","","0.00","112.62","-1.00","0.00","2.56","-1.00","0.00","0.00","101.00","-1.00","617.31","0","0.94","end","6","route1"
"98.00","car7","0.00","E12","E0_0","E12_0","","0.00","104.08","-1.00","0.00","2.34","-1.00","0.00","0.00","101.00","-1.00","608.37","0","0.89","end","6","route0"
"99.00","car1","0.00","-E12","-E7_0","-E12_0","","0.00","115.00","-1.00","0.00","2.38","-1.00","0.00","0.00","101.00","-1.00","617.31","0","0.94","end","6","route1"
"99.00","car7","0.00","E12","E0_0","E12_0","","0.00","106.24","-1.00","0.00","2.16","-1.00","0.00","0.00","101.00","-1.00","608.37","0","0.89","end","6","route0"
"100.00","car1","0.00","-E12","-E7_0","-E12_0","","0.00","117.31","-1.00","0.00","2.31","-1.00","0.00","0.00","101.00","-1.00","617.31","0","0.94","end","6","route1"
"100.00","car7","0.00","E12","E0_0","E12_0","","0.00","108.37","-1.00","0.00","2.12","-1.00","0.00","0.00","101.00","-1.00","608.37","0","0.89","end","6","route0"
